permalink,fr_sum,serial_num,vp_exp_dummy,num_comp_exp,product_num,num_news,inv_num,cs_dummy,biz_dummy,master_dummy,age
ben-elowitz,88750000,2,0,8,2,23,0,1,0,0,25
ron-gorodetzky,9000000,2,0,4,17,29,0,0,0,0,25
mark-zuckerberg,2385000000,3,1,3,18,2998,2,0,0,0,30
dustin-moskovitz,2423200000,2,0,2,18,3016,8,0,0,0,30
matt-cohler,0,1,1,6,0,3,4,1,1,0,25
chris-hughes,2388500000,2,1,6,18,2997,5,0,0,0,31
darren-crystal,20686432,1,0,3,0,9,1,1,0,0,25
michael-clark,8750000,1,0,3,0,6,0,0,0,0,25
peter-pham,41000000,1,1,12,1,38,3,0,1,0,25
alice-lankester,0,3,1,13,2,10,0,0,0,0,25
david-sacks,158500000,2,1,9,1,134,29,0,1,0,25
alan-braverman,78029000,2,1,6,2,25,2,1,0,0,25
luke-nosek,197000000,2,1,7,3,190,1,1,0,0,25
jason-rubin,0,2,0,3,1,6,0,0,0,0,44
jason-kay,0,4,1,12,1,21,0,0,0,0,25
evan-williams,1187166511,5,1,7,5,2274,8,0,0,0,25
garrett-camp,1575950000,3,1,10,0,169,12,1,0,1,25
jack-dorsey,1750666511,2,1,8,9,2439,13,0,0,0,38
biz-stone,1187166511,5,1,12,5,2273,3,0,0,0,25
john-adler,25762000,1,1,3,0,71,0,0,0,0,25
jared-friedman,25762000,1,0,1,0,71,2,0,0,0,25
tikhon-bernstam,32762000,2,0,2,0,83,8,0,0,0,25
bill-nguyen,41000000,2,1,4,1,38,0,0,0,0,25
sky-dayton,88598258,9,1,13,1,12,5,0,0,0,25
jay-lee,0,1,0,3,6,1,0,0,0,0,25
pierre-omidyar,8700000,5,1,6,4,321,2,1,0,0,25
jeremy-latrasse,19300000,1,1,4,0,2,1,0,0,0,25
scott-petry,0,1,1,5,0,12,4,0,1,0,25
ryan-king,8000000,1,1,4,0,0,0,1,0,1,25
john-mccrea,0,1,0,3,0,2,0,0,0,0,25
barney-pell,55500000,4,1,6,0,51,14,0,0,0,25
lorenzo-thione,23300000,3,1,10,0,42,5,1,0,1,25
adam-hertz,500000,1,0,1,0,0,0,0,0,0,25
ted-murphy,22000000,2,0,2,4,29,0,0,0,0,25
jason-calacanis,21300000,4,1,15,1,51,28,0,0,0,44
daniel-graf,23350000,1,0,3,2,29,0,1,0,1,25
erik-abaic,23350000,1,0,1,2,29,0,0,0,0,25
ted-dunning,69750000,1,0,5,2,41,0,1,0,1,25
ted-meisel,6000000,1,1,13,0,0,3,0,0,0,25
todd-dagres,0,1,1,23,0,33,0,0,0,0,25
ian-clarke,30632151,5,1,11,3,41,0,1,0,0,25
scott-kliger,88651133,2,0,8,1,16,0,0,0,0,25
dr-francisco-j-martin,56990000,3,0,5,10,14,0,1,0,0,25
gabriel-aldamiz-echevarria,800000,2,0,3,0,3,0,0,1,0,25
dr-marc-torrens,55000000,1,0,2,1,11,0,0,0,0,25
gina-bianchini,119000000,3,1,5,0,108,1,0,0,0,42
david-cowan,3900000,2,1,26,0,3,6,1,0,0,25
chini-krishnan,0,2,1,9,0,13,0,1,0,1,25
jason-knight,4700000,1,0,1,1,12,0,0,0,0,25
marc-hedlund,4700000,1,1,3,1,12,0,0,0,0,25
john-witchel,162400000,4,1,9,1,30,0,1,0,1,25
thomas-pigoski,0,1,0,2,0,0,0,0,0,0,25
chad-hurley,11500000,2,1,4,3,600,0,0,0,0,37
steve-chen,11500000,2,1,5,3,600,10,1,0,0,36
max-haot,14699973,1,0,1,4,53,0,0,0,0,25
justin-kan,46350000,5,1,7,0,112,8,0,0,0,25
emmett-shear,35050000,2,0,4,0,18,3,1,0,0,25
kyle-vogt,8000000,2,0,4,0,86,1,0,0,0,25
brad-hunstable,60310000,1,0,2,2,119,0,1,1,0,25
john-ham,60310000,1,0,1,2,119,2,0,0,0,25
nir-ofir,1500000,2,0,7,0,4,0,0,1,0,25
oren-levy,0,2,0,6,0,0,0,0,0,0,25
craig-walker,22000000,3,0,10,1,95,0,0,1,0,25
vincent-paquet,4000000,1,0,3,1,31,1,0,0,0,25
paul-graham,10250000,1,1,3,1,362,9,0,0,1,25
trevor-blackwell,10250000,1,0,2,1,362,3,1,0,0,25
jessica-livingston,10250000,1,0,1,1,362,3,0,0,0,43
fred-wagner,0,1,0,1,1,1,0,0,0,0,25
chris-tolles,15000000,3,1,6,2,15,1,0,0,0,46
blake-williams,0,1,0,4,0,5,0,0,0,0,25
jason-goldberg,386760000,5,0,8,1,23,2,0,0,0,25
phil-bogle,52500000,1,0,1,1,10,0,0,0,0,25
leah-culver,0,2,0,5,0,32,0,1,0,0,25
daniel-burka,1700000,3,1,8,3,40,1,0,0,0,25
david-huard,9000000,1,0,1,17,27,0,0,0,0,25
david-prager,9000000,1,0,4,17,27,1,0,0,0,25
cedric-maloux,0,2,1,6,1,2,0,0,0,0,46
arthur-van-hoff,0,3,1,16,0,2,0,1,0,0,25
john-sangiovanni,12000000,2,0,2,23,2,0,0,0,0,25
jim-cooley,0,1,0,1,1,2,0,0,0,0,25
dr-benjamin-bederson,12000000,1,1,2,22,0,0,0,0,0,25
brian-c-mcgarvey,0,1,0,8,0,0,0,0,0,0,25
james-hong,0,1,1,9,1,19,11,0,0,0,25
jim-young,0,1,0,2,1,19,3,0,0,0,25
brian-sugar,46000000,2,0,3,3,29,4,0,0,0,25
lisa-sugar,46000000,2,0,3,3,29,0,0,0,0,25
krista-moatz,46000000,2,0,3,3,29,0,0,1,0,25
arthur-cinader,46000000,2,0,3,3,29,0,0,0,0,25
jason-rhee,46000000,2,0,4,3,29,0,0,0,0,25
niklas-zennstrom,247505032,5,1,11,6,408,1,1,1,1,48
janus-friis,247505032,4,0,5,7,382,3,0,0,0,38
henry-gomez,0,1,0,11,0,0,0,0,0,0,25
michael-robertson,6000000,5,0,7,1,34,1,0,0,0,47
boaz-zilberman,30000000,1,0,1,2,25,0,0,0,0,25
alex-nerst,30000000,1,0,1,2,25,0,0,0,0,25
colin-quon,12500000,2,0,7,2,2,0,1,0,0,25
jeff-laporte,12500000,1,0,2,2,2,0,0,0,0,37
elliott-breece,6700000,1,0,2,1,17,0,0,0,0,25
elias-roman,6700000,1,1,5,1,17,0,0,1,0,25
joshua-boltuch,3900000,1,0,2,0,25,0,0,0,0,25
anthony-batt,168899155,3,1,8,5,4,0,0,0,0,25
tyler-goldman,0,1,0,6,0,0,0,0,1,0,25
adam-mckay,18000000,1,0,1,2,6,0,0,0,0,25
will-ferrell,18000000,1,0,2,2,6,0,0,0,0,47
martin-remy,3500000,1,0,3,1,12,0,1,0,1,25
steve-nieker,3500000,2,0,4,1,12,0,0,0,0,25
scott-kurnit,43000000,3,1,19,0,8,12,0,0,0,25
michael-raneri,0,1,0,4,0,0,0,0,1,0,25
ryan-allis,53400191,2,0,3,7,4,5,0,1,0,30
aaron-houghton,53400191,1,0,3,5,3,0,0,0,0,25
suranga-chandratillake,0,1,1,6,1,16,1,1,0,0,25
jeremie-berrebi,0,1,1,9,0,18,20,0,0,0,36
jeremy-stoppelman,56000000,1,1,4,0,173,18,0,0,0,25
jyri-engestrom,775000,3,1,15,1,22,3,0,1,1,37
petteri-koponen,0,1,1,17,1,19,0,0,0,0,25
sam-rogoway,0,1,0,2,1,1,0,0,0,0,25
kristopher-tate,50000,1,0,1,1,10,0,0,0,0,25
jay-bartot,22900000,4,0,14,2,22,0,1,0,0,25
erik-blachford,552000,1,1,12,1,2,23,0,1,0,25
oren-etzioni,37100000,3,1,7,2,30,1,1,0,1,25
brad-gerstner,43800000,4,1,21,0,7,3,0,1,0,25
cameron-yuill,0,2,1,3,0,1,0,0,0,0,25
anne-taylor-hartzell,0,1,0,3,0,0,0,0,0,0,25
lance-tokuda,99975336,3,0,3,1,52,0,1,0,1,25
stefan-glaenzer,0,2,1,10,0,4,19,0,0,0,25
martin-stiksel,5000000,1,0,2,3,57,0,0,0,0,25
felix-miller,5000000,1,0,2,3,57,1,0,0,0,25
richard-jones,5585000,2,0,3,4,57,0,0,0,0,25
steve-anderson,750000,2,1,18,0,21,7,0,1,0,25
todd-cohen,0,3,0,3,1,1,0,0,1,0,25
dan-cohen,0,3,1,12,0,1,0,1,0,0,25
christoph-janz,4100000,3,1,7,1,26,9,0,0,0,25
omar-al-zabir,4100000,1,0,3,1,19,0,1,0,1,32
ole-brandenburg,4100000,2,0,6,1,19,0,0,0,0,39
eric-wilhelm,0,1,1,2,0,1,0,0,0,0,25
uday-walia,0,1,0,1,0,0,0,0,0,0,25
don-valentine,0,1,1,7,0,120,0,0,0,0,25
eric-alterman,86735191,5,1,6,2,26,0,0,0,0,51
ravi-mhatre,0,1,1,25,0,22,2,1,1,0,25
peter-nieh,0,1,1,8,0,22,0,1,1,0,25
cristopher-schaepe,0,1,1,21,0,22,0,1,0,1,25
vincent-worms,0,2,0,4,0,2,0,1,0,1,25
dmitry-dimov,2000000,1,0,1,1,6,0,0,0,0,25
brian-mulloy,2000000,1,0,1,1,6,0,0,0,0,25
xochi-birch,15000000,2,0,3,4,75,0,0,0,0,25
navin-chaddha,0,2,1,31,0,0,0,1,0,1,25
yogen-dalal,11500000,1,1,5,0,2,2,1,0,0,25
raj-kapoor,9800000,2,1,14,0,1,0,0,0,0,44
danny-hillis,57000000,1,1,2,1,2,0,1,0,0,25
david-zhao,4115000,2,0,2,3,10,0,0,0,0,25
samir-arora,203500000,1,0,2,4,55,0,0,1,0,25
fernando-ruarte,203500000,1,0,1,4,55,0,0,0,0,25
raj-narayan,203500000,1,0,1,4,55,0,0,0,0,25
ernie-cicogna,203500000,1,0,1,4,55,0,0,0,0,25
dianna-mullins,203500000,1,0,1,4,55,0,0,0,0,25
tony-stubblebine,2500000,3,0,8,1,3,0,1,0,0,36
david-lerman,60900000,1,0,1,1,47,0,1,0,0,25
matthew-sanchez,60900000,1,1,2,1,47,0,1,0,0,25
philip-rosedale,6450000,3,1,7,0,1,2,0,0,0,25
jed-smith,63000000,2,1,16,0,4,0,0,0,0,25
josh-herst,0,1,0,1,1,3,0,0,0,0,25
joe-miller,0,1,0,10,0,0,0,0,0,0,25
ginsu-yoon,0,1,0,4,0,0,0,0,0,0,25
john-zdanowski,12282455,4,1,19,0,6,0,1,0,0,25
peter-buhl,0,1,1,11,0,0,0,0,0,0,25
howard-schultz,0,1,1,4,0,16,1,0,0,0,25
dan-levitan,0,1,1,7,0,16,0,0,0,0,25
eric-lunt,8000000,2,1,5,0,35,0,1,0,0,25
steve-olechowski,8900000,4,1,5,0,36,4,1,1,0,25
matt-shobe,8000000,2,1,8,0,35,3,1,1,1,44
siva-kumar,26000000,1,1,8,1,11,0,0,0,1,25
david-marquardt,0,2,1,10,0,42,0,1,0,0,25
mark-ruff,13770000,1,0,1,1,5,0,0,0,0,25
marc-pfohl,13770000,1,0,1,1,5,0,0,0,0,25
fabien-bourdier,13770000,1,0,1,1,5,0,0,0,0,25
anja-keckeisen,13770000,1,0,1,1,5,0,0,0,0,25
barbara-mahon,0,1,0,1,0,0,0,0,0,0,25
ted-rheingold,1000000,2,1,11,1,10,7,0,0,0,25
john-vars,1000000,1,0,6,1,10,0,0,0,0,25
steven-reading,1000000,1,0,7,1,10,0,0,0,0,25
scott-rafer,35513000,4,1,11,5,20,0,0,0,0,25
tim-westergren,56300000,1,0,1,5,144,0,0,0,0,25
richard-moross,5000000,1,1,6,6,7,0,0,0,0,25
robert-beaver,46000000,1,0,1,1,17,0,0,0,0,25
fred-durham,15500000,1,1,2,1,10,0,0,0,0,25
maheesh-jain,15500000,1,0,1,1,10,0,0,0,0,25
abdul-popal,0,1,1,7,0,0,0,0,0,0,25
steve-blank,0,3,1,12,0,0,9,0,0,0,61
david-weekly,12743716,2,1,9,1,15,1,1,0,0,36
david-jackson,7000000,1,0,2,2,5,0,0,0,1,25
chris-yeh,0,1,1,10,0,0,17,0,1,0,25
philip-kaplan,12931223,12,1,16,0,4,11,0,0,0,25
gidon-wise,40400000,1,0,1,0,23,0,0,0,0,25
david-marks,7500000,1,0,2,2,7,0,0,0,0,25
francis-kelly,7500000,1,0,1,2,7,0,0,0,0,25
ken-fromm,7500000,1,0,2,2,7,0,0,0,0,25
sandy-jen,70000000,1,0,2,2,101,1,1,0,0,25
seth-sternberg,70000000,1,1,4,2,101,0,0,0,0,35
elaine-wherry,70000000,1,1,3,2,101,2,0,0,0,25
julia-hartz,199300000,1,0,3,5,54,2,0,0,0,25
renaud-visage,199300000,1,1,3,5,54,0,0,0,0,25
jean-luc-vaillant,206121421,1,1,2,5,293,0,1,0,0,25
allen-blue,206121421,1,0,1,5,293,0,0,0,0,25
gill-cogan,0,1,1,6,0,6,0,0,0,0,25
carl-showalter,0,1,1,8,0,6,0,1,0,1,25
jay-bhatti,21921435,2,1,4,1,18,0,1,1,0,25
jaideep-singh,7000000,1,0,1,1,18,0,0,0,0,25
rahul-prakash,0,3,0,5,0,0,1,0,0,0,25
david-shirazi,1600000,1,0,1,1,5,0,0,0,0,25
david-mcintosh,11610454,2,0,2,1,4,0,1,0,0,25
tyler-dikman,0,1,1,6,0,53,0,0,1,0,30
mark-pascarella,0,1,0,3,0,0,0,0,1,0,25
patrick-donovan,10000000,1,0,4,0,0,0,0,0,0,25
laurent-kratz,0,1,0,1,1,4,0,0,0,0,25
sylvain-zimmer,810801,3,1,4,1,4,1,0,0,0,25
pierre-gerard,0,1,0,1,1,4,0,0,0,0,25
louis-stilp,35050000,1,0,1,1,0,0,0,0,0,25
calvin-tang,1250000,1,0,1,1,14,0,0,0,0,25
lance-anderson,1250000,1,0,1,1,14,0,0,0,0,25
mark-budos,1250000,1,0,1,1,14,0,0,0,0,25
kamran-munshi,10000000,1,0,5,1,1,0,1,1,0,25
travis-chow,0,2,1,9,0,0,0,1,1,1,25
dean-stephens,63500002,1,0,1,6,8,0,0,0,0,25
ali-partovi,19300000,3,1,14,4,72,27,1,0,1,25
hadi-partovi,2800000,1,1,13,1,3,31,1,0,1,25
nat-brown,0,1,0,5,0,0,1,1,0,0,44
marc-bodnick,0,1,0,6,0,18,1,0,0,0,25
lucinda-holt,375000,2,0,3,1,5,0,0,0,0,25
sunny-balijepalli,0,1,0,1,1,5,0,0,0,0,25
russell-holt,0,1,0,1,1,5,0,0,0,0,25
aaron-levie,534459999,1,1,3,2,78,17,0,1,0,30
dylan-smith,534459999,1,0,1,2,78,3,0,1,0,25
alex-scialom,0,1,0,3,0,0,0,0,0,0,25
aaron-dunn,0,1,0,5,0,0,0,0,0,0,25
karen-appleton,0,1,1,6,0,3,0,0,1,1,25
david-friend,2500000,4,0,10,1,4,0,1,0,0,25
jeff-flowers,67192715,2,0,6,1,7,0,1,1,0,25
ronen-shilo,109800000,5,0,6,3,26,0,1,0,0,25
reena-jadhav,0,1,0,2,0,0,0,0,0,0,25
dror-erez,109800000,1,0,1,3,17,0,1,0,0,25
gaby-bilczyk,109800000,1,0,1,3,17,0,1,0,0,25
manish-chandra,21000000,2,1,3,1,13,1,0,0,0,25
keiron-mccammon,7350000,2,0,2,1,12,0,1,0,0,25
chetan-pungaliya,22300000,3,0,3,1,13,0,0,0,0,25
keith-teare,10825000,6,1,10,12,196,0,0,0,0,60
nick-grouf,101500000,4,1,8,1,20,1,0,1,0,25
david-waxman,101000000,3,1,9,1,15,0,0,0,0,25
om-malik,22325000,1,1,7,3,14,2,0,0,0,25
marc-singer,0,1,1,5,0,1,0,0,0,0,25
david-beach,0,1,0,4,2,10,0,0,0,0,45
orli-yakuel,0,1,0,1,1,3,0,0,0,0,42
eyal-shahar,0,3,1,5,1,3,0,0,0,0,42
nicolas-dengler,5600000,2,0,2,3,14,0,0,0,0,25
adam-healey,5000000,1,0,1,1,5,0,0,0,0,25
charles-seilheimer,5000000,1,0,1,1,5,0,0,0,0,25
ethan-stock,55200000,1,0,3,2,9,0,0,0,0,25
tyler-kovacs,55200000,1,0,1,2,9,0,0,0,0,25
sean-varah,1792817,1,0,1,4,3,0,0,0,0,25
paul-o-brien,0,3,0,14,3,0,0,0,1,0,25
craig-donato,23903060,1,0,3,1,22,0,1,1,0,25
gabe-rivera,0,1,0,2,1,65,0,0,0,0,25
brian-dear,20100000,2,1,2,1,8,0,0,0,0,25
brian-goler,0,2,0,6,0,0,0,0,0,0,25
stratis-karamanlakis,44000000,1,0,1,1,21,0,1,0,0,25
odysseas-tsatalos,183800000,4,1,6,2,33,0,1,0,1,25
gautam-godhwani,34300000,1,0,1,4,13,1,0,0,0,25
peter-weck,34300000,3,1,5,4,18,4,0,0,0,25
eric-chin,26000000,3,1,10,0,0,1,0,0,0,25
ashton-kutcher,10000000,3,1,7,1,11,42,0,0,0,36
warren-packard,4200000,2,1,17,0,7,0,1,0,1,25
mike-ramsay,0,2,1,5,0,31,1,0,0,0,25
tim-weingarten,16200000,1,1,7,0,0,0,0,0,0,25
eric-gonzales,0,1,0,7,1,1,0,0,1,0,25
steven-sheinfield,0,1,0,1,1,1,0,0,0,0,25
doug-sheppard,0,1,0,1,1,1,0,0,0,0,25
gay-gilmore,0,1,0,1,1,1,0,0,0,0,25
troy-hakala,0,1,0,1,1,1,0,0,0,0,25
bernard-moon,8500000,4,1,7,4,8,0,0,0,0,43
tony-perkins,8500000,3,0,4,4,5,0,0,0,0,25
joe-greenstein,7175000,1,1,10,2,21,11,1,0,0,36
saran-chari,7175000,1,1,3,2,21,2,1,0,0,25
jeanine-leflore,0,1,1,10,0,3,0,0,1,0,25
paul-remer,0,1,0,4,0,0,0,0,0,0,25
geoff-judge,0,1,1,11,3,0,15,0,1,0,25
allen-stern,0,1,0,1,1,1,0,0,0,0,25
joe-hewitt,0,1,0,3,0,6,0,0,0,0,25
michel-guilhermier,5000000,1,0,1,6,0,0,0,0,0,25
ross-mayfield,46770000,1,1,7,6,27,0,0,0,0,25
peter-kaminski,46770000,1,0,2,6,27,0,0,0,0,25
adina-levin,46770000,1,0,1,6,27,0,0,0,0,25
kris-duggan,55450000,2,1,8,0,13,3,0,0,0,25
trip-davis,0,1,0,3,0,0,1,0,0,0,25
nik-cubrilovic,800000,4,0,5,1,7,0,0,0,0,25
phil-morle,500000,1,1,3,0,1,0,0,0,0,46
jon-tyson,0,1,0,3,0,0,0,0,0,0,25
brett-hurt,130552663,1,1,3,3,7,2,0,1,0,25
brant-barton,130552663,1,0,2,3,7,0,0,1,0,25
sam-decker,5500000,2,1,13,1,8,1,0,1,0,25
paul-goodrich,0,1,1,8,0,0,0,0,0,0,25
boaz-goldschmid,0,1,0,1,0,0,0,0,1,0,25
ryan-gallagher,584440,2,0,4,2,3,0,0,0,0,25
bellinda-gallagher,0,1,0,1,1,1,0,0,0,0,25
jay-shaffer,0,1,0,7,0,0,0,0,1,0,25
roman-scharf,62100000,2,1,4,2,41,1,0,0,0,25
daniel-mattes,69713881,2,1,3,4,51,0,0,0,0,25
ramu-yalamanchi,52000000,1,1,2,1,43,0,0,0,0,25
waikit-lau,17500000,1,0,3,1,8,3,1,1,0,25
steven-lee,17500000,1,0,2,1,8,0,0,0,0,25
greg-tseng,28701975,2,1,5,0,27,0,0,0,0,35
johann-schleier-smith,28701975,2,1,3,0,27,0,0,0,0,25
paul-forster,5000000,1,0,1,1,14,0,0,0,0,25
rony-kahan,5000000,1,0,2,1,14,7,0,1,0,25
konstantin-guericke,206121421,1,1,8,5,293,0,1,0,1,25
phillip-mobin,21500000,1,0,2,2,22,0,0,0,0,25
touraj-parang,21500000,1,1,8,2,22,0,0,1,0,25
steve-newcomb,53460000,3,1,7,3,71,2,0,1,0,25
deborah-farrington,0,1,1,14,0,0,0,0,1,0,25
jay-gould,7250000,4,0,7,4,11,7,0,0,0,25
aaron-cohen,0,2,0,4,1,18,0,0,0,0,47
david-thompson,40927053,1,0,4,2,5,0,0,0,0,25
mark-seremet,0,1,0,1,0,0,0,0,0,0,25
amit-desai,0,1,0,3,1,4,0,1,0,0,25
hubert-thieblot,28000000,1,0,1,4,3,0,0,0,0,25
paul-conklin,0,1,0,1,0,0,0,0,0,0,25
kendall-schoenrock,75000,1,0,1,0,0,0,0,0,0,25
chandrasekar-rathakrishnan,6500000,1,0,1,2,2,0,0,0,0,25
gaurav-dhillon,0,1,0,1,1,3,0,0,0,0,25
paulo-taylor,15873700,1,0,1,0,23,0,0,0,0,25
jan-joost-rueb,15873700,1,0,2,0,23,1,0,0,0,43
onno-bakker,15873700,1,0,1,0,23,1,0,0,0,25
robert-pazornik,1500000,1,0,1,1,8,0,0,0,0,25
farbood-nivi,44720000,1,0,2,1,19,0,0,0,0,25
michael-buffington,44720000,2,0,5,1,19,0,0,0,0,25
tom-lasater,0,3,0,4,0,0,0,0,0,0,25
kanji-sakae,5000000,1,0,1,2,1,0,0,0,0,25
jonathan-cobb,7300000,2,0,3,1,3,0,0,0,0,25
jeff-whitehead,39700000,2,0,2,1,1,0,0,0,0,25
toby-rowland,43000000,3,0,4,6,9,0,0,0,0,25
joe-dipasquale,2000000,3,1,3,1,1,1,0,0,0,25
gilles-blanrosa,8393798,1,0,3,1,9,0,0,1,0,25
milan-parikh,8393798,1,0,2,1,9,0,0,0,0,25
ram-ramkumar,2060000,1,0,3,2,2,0,0,0,0,25
pankaj-malviya,0,1,0,1,1,9,0,0,0,0,25
steven-ashby,0,1,1,3,0,1,0,0,0,0,25
boyan-josic,0,5,0,5,1,6,0,0,0,0,25
riccardo-zacconi,43000000,1,0,1,5,9,0,0,0,0,25
jonathan-fren,0,3,0,5,0,0,0,0,0,0,25
adrian-hanauer,0,1,0,1,0,3,2,0,0,0,25
guy-kawasaki,0,2,1,18,0,8,3,0,1,0,25
will-mayall,0,3,0,3,1,14,0,0,0,0,25
kathryn-henkens,0,3,0,3,1,14,0,0,1,0,25
rob-rowntree,0,1,0,1,1,1,0,0,0,0,25
john-furrier,8150000,4,0,6,1,11,0,1,1,0,49
steve-gillmor,0,1,0,2,0,186,0,0,0,0,66
ken-leung,23600000,1,0,1,1,4,0,1,0,0,25
leonard-brody,0,1,1,3,0,29,0,0,0,0,25
michael-meyers,0,1,1,2,0,0,0,0,0,0,25
aviv-eyal,1750000,4,0,7,1,28,0,1,0,0,25
mike-sitrin,0,2,0,4,1,10,0,0,0,0,25
tony-liano,0,1,1,6,0,0,0,0,0,0,25
nate-underwood,0,1,0,9,0,0,0,0,0,0,25
joe-giordano,33386478,1,0,1,4,4,0,0,0,0,25
manish-vaidya,2060000,1,0,1,2,2,0,0,0,0,25
dick-costolo,8000000,1,1,5,0,35,3,0,0,0,25
david-levi,0,1,0,3,0,0,0,0,0,0,25
hjalmar-winbladh,45500000,2,1,5,4,15,0,0,1,0,25
jonas-lindroth,20000000,1,0,1,4,11,0,0,0,0,25
mark-asseily,14163510,1,0,4,0,2,0,0,1,0,25
jimmy-wales,177800000,3,1,5,15,89,0,0,1,1,48
angela-beesley,39800000,2,1,4,5,38,0,0,0,0,25
alexis-ohanian,50100000,2,1,9,2,90,102,0,0,0,31
steve-huffman,90315000,2,0,5,2,112,2,1,0,0,25
david-niu,21050000,4,0,9,5,15,1,0,0,0,25
andy-liu,21050000,2,1,11,5,15,8,1,0,0,25
jiang-wu,11900000,1,0,1,5,6,0,0,0,0,25
manish-rathi,11900000,1,0,1,5,6,0,0,0,0,25
ashwin-bharambe,315000,1,0,5,2,5,0,1,0,0,25
shashank-pandit,315000,1,0,3,2,5,0,1,0,1,25
john-tumminaro,144760181,2,0,7,1,12,0,0,0,0,25
irv-henderson,0,1,0,4,0,0,0,0,0,0,25
sten-kamkivi,2500000,1,0,3,0,2,4,0,1,1,36
philip-yuen,0,1,0,1,1,2,0,1,0,0,25
cj-huang,0,1,0,1,1,2,0,0,0,0,25
gerald-yuen,0,1,0,2,1,2,0,1,0,1,25
evert-jaap-lugt,25000000,1,0,1,1,19,0,0,0,0,54
martin-smink,25000000,1,0,1,1,19,0,0,0,0,25
ken-griffin,0,1,0,1,1,1,0,0,0,0,25
joey-santley,0,1,0,1,1,1,0,0,0,0,25
martin-wells,1500000,2,1,15,2,14,0,0,0,0,25
mick-liubinskas,1200000,3,1,10,0,1,1,0,0,0,25
tony-miranz,36000000,1,0,1,1,14,0,0,0,1,52
alain-rossmann,36000000,1,0,1,1,14,0,0,0,0,25
luke-beatty,21400000,1,1,6,1,6,1,0,0,0,25
jordan-levy,6000000,6,1,33,0,2,2,0,0,0,25
ron-schreiber,6000000,1,1,9,0,2,0,0,0,0,25
steven-johnson,14400000,1,1,3,1,5,1,0,0,0,25
john-geraci,14400000,1,0,1,1,5,0,0,0,0,25
cory-forsyth,14400000,2,0,2,1,5,0,0,0,0,25
mark-bailey,0,1,1,25,0,1,0,1,0,0,25
lane-merrifield,4300000,2,0,2,0,7,0,0,0,0,25
dave-krysko,0,1,0,1,0,7,0,0,0,0,25
lance-priebe,0,1,0,1,0,7,0,0,0,0,25
brock-henderson,4000000,1,0,1,1,8,0,0,0,0,25
kim-ramage,4000000,1,0,1,1,8,0,0,0,0,25
marshall-kirkpatrick,2741668,1,0,4,0,2,0,0,0,0,25
jeremy-allaire,169007658,3,0,5,2,72,1,0,1,0,25
adam-berrey,1500000,2,0,8,0,0,3,0,0,0,25
brian-monnin,505185,1,0,4,1,0,0,0,0,0,25
david-graves,0,1,0,7,0,0,0,0,0,0,25
charlie-white,1100000,1,0,2,0,0,0,0,0,0,25
sean-marsh,0,1,1,9,0,5,0,0,1,0,25
morgan-webb,0,1,0,1,1,4,0,0,0,0,25
max-levchin,343000000,7,1,14,5,246,48,1,0,0,39
michael-phillips,0,1,0,2,0,0,0,0,0,0,25
andy-sack,6000000,1,1,5,0,16,4,0,0,0,25
chris-devore,0,1,1,19,0,0,6,0,0,0,46
christopher-ackerley,0,1,0,1,0,0,0,0,0,0,25
ted-ackerley,0,1,1,4,0,0,1,0,0,0,25
kim-ackerley,0,1,0,2,0,0,0,0,0,0,25
bala-parthasarathy,193899314,3,1,6,1,2,0,1,0,1,25
chris-wu,0,2,0,7,0,1,0,0,1,0,25
tina-fitch,34799900,1,0,2,0,0,0,0,0,0,25
cameron-lester,0,1,1,10,0,4,0,0,1,0,48
christopher-klaus,0,2,0,3,0,2,0,0,0,0,25
david-cohen,34000000,1,1,7,0,107,98,0,0,0,46
jared-polis,34000000,2,0,2,3,111,3,0,0,0,25
david-brown,34000000,1,1,7,0,107,3,1,0,0,50
doug-ludlow,315000,1,0,5,1,5,0,0,0,0,32
johann-moonesinghe,315000,1,0,1,1,5,0,0,0,0,25
daniel-rubin,0,1,1,12,0,0,0,0,0,0,25
dave-pidwell,0,1,0,4,0,0,0,1,0,1,25
michael-hunkapiller,0,1,1,10,0,0,0,1,0,1,25
jeffrey-ventrella,0,1,0,1,0,2,0,0,0,0,25
will-harvey,29000000,2,1,3,1,7,0,1,0,0,25
rick-noll,0,1,0,1,1,0,0,0,0,0,25
adam-powell,0,1,0,2,1,0,0,0,0,0,25
donna-williams,0,1,0,2,1,0,0,0,0,0,25
doug-dohring,31500000,3,0,3,4,9,0,0,0,0,25
derek-liu,31930000,1,0,3,2,3,0,0,0,0,25
long-vo,31930000,3,0,6,2,3,0,1,0,0,25
eric-baker,65000000,2,0,4,2,20,1,0,0,0,25
adam-hildreth,0,2,0,2,2,5,0,0,0,0,25
patrick-harr,70000000,1,0,10,3,9,0,0,0,0,25
dan-kraus,0,3,0,4,1,6,0,0,0,0,44
paul-ford,0,1,0,1,1,6,0,0,0,0,25
stacey-ford,0,2,0,4,1,6,0,0,1,0,25
paul-bragiel,0,1,1,11,1,13,0,1,0,0,25
steve-loughlin,69000000,1,1,3,0,2,1,0,0,0,25
tyson-hendricksen,0,1,1,2,0,0,0,0,1,0,25
vassil-mladjov,0,1,0,7,3,2,0,0,1,0,44
jon-fox,1099988,2,0,4,0,16,0,1,0,0,25
isaac-keyet,515000,1,0,2,0,12,0,0,0,0,27
eric-skiff,0,2,0,4,0,0,0,0,0,0,25
faizan-buzdar,6309000,2,0,4,2,12,0,0,0,0,25
shehryar-hydri,1309000,1,1,5,2,4,0,0,1,0,25
sarah-golightly,0,1,0,1,1,1,0,0,0,0,25
dale-john-mcgrew,0,1,0,2,1,1,0,0,0,0,25
mark-sylvester,2781000,1,0,1,1,2,0,0,0,0,25
kymberlee-weil,2781000,1,0,1,1,2,0,0,0,0,25
raj-anand,0,2,0,4,1,3,0,1,0,0,32
mike-walsh,6000000,2,1,5,1,3,5,0,1,0,25
joseph-kleinschmidt,6000000,2,0,2,1,3,0,0,0,0,25
nader-alizadeh,151650012,2,0,2,3,5,0,0,1,0,25
andrew-catton,0,1,0,1,2,11,0,0,0,0,25
avi-bryant,0,1,0,1,2,11,0,0,0,0,25
bernard-bernstein,0,1,0,3,0,0,0,1,0,0,25
david-l-inns,4000000,1,0,1,0,7,0,0,0,0,25
ray-morris,0,1,0,12,0,0,0,0,0,0,25
rob-fitzpatrick,0,3,0,5,0,0,0,0,0,0,25
ryan-seekely,15000,2,0,4,1,2,0,1,0,0,25
devin-hunt,20536346,3,0,6,1,4,0,0,0,0,25
kim-patrick-kobza,0,1,0,2,1,5,0,0,0,0,25
vinh-ha,0,1,0,1,1,1,0,0,0,0,25
rudy-thurston,0,1,0,2,1,1,0,0,0,0,25
nicholas-woodin,0,1,0,1,1,1,0,0,0,0,25
john-funge,0,3,1,8,0,1,0,1,0,0,25
gary-hall,0,1,1,9,0,0,0,0,1,0,25
nouriel-gino-yazdani,0,2,0,2,1,1,0,0,0,0,25
harvard-young,0,1,0,2,1,1,0,1,0,0,25
dan-bruns,0,1,0,4,0,0,0,0,0,0,25
chip-matthes,0,3,0,7,0,0,0,1,0,0,25
benjamin-bejbaum,68500000,1,0,2,0,27,0,0,0,0,25
olivier-poitrey,68500000,1,0,1,0,27,0,0,0,0,25
didier-rappaport,0,1,0,2,0,2,0,0,0,0,59
sandra-albertolli,0,1,0,2,0,0,0,0,0,0,25
steven-starr,12700000,1,0,1,1,16,0,0,0,0,25
arik-czerniak,73200000,4,1,8,0,22,0,0,1,0,25
eric-hachenburg,3500000,2,0,8,0,4,0,1,0,0,25
ken-seiff,57700000,3,0,5,11,2,3,0,1,0,1014
michael-aronson,0,1,1,19,0,0,0,0,1,0,25
scott-jones,148377171,6,0,9,1,51,4,0,0,0,25
bart-decrem,28300000,1,0,4,1,30,0,0,0,0,25
michael-wilson,1000000,1,0,2,1,1,0,0,0,0,25
scott-mccaskill,65100000,2,0,2,1,5,0,0,1,0,25
yoav-shaham,36140000,1,0,1,4,3,0,0,1,0,25
alexander-mouldovan,6500000,1,0,1,1,3,0,0,0,0,25
alex-benzer,12000,3,0,4,3,5,0,0,1,0,30
charlotte-genevier,12000,1,0,4,2,4,0,0,0,0,28
greg-kostello,26000000,1,0,2,1,2,0,1,0,0,25
paul-sagan,0,1,0,15,0,0,3,0,0,0,25
tom-leighton,0,1,1,7,2,19,0,1,0,1,25
nathan-raciborski,0,1,0,1,6,5,0,0,0,0,25
michael-gordon,0,1,0,3,6,5,1,0,0,0,25
tsachy-shacham,12400000,1,0,1,2,7,0,1,0,0,25
elad-hemar,1500000,4,0,4,1,0,0,0,0,0,25
ronen-babayoff,0,1,0,1,1,0,0,0,0,0,25
david-bankston,0,1,0,2,1,5,0,0,0,0,25
jordan-mendelson,25000000,4,0,9,1,12,0,0,0,0,35
rusty-rueff,2250000,1,1,13,1,3,1,0,0,1,25
kevin-arnold,0,3,0,4,2,11,0,0,0,0,25
tim-mitchell,0,1,0,5,0,0,0,0,1,0,25
marisol-segal,0,1,0,6,0,0,0,0,0,0,25
ian-bell,1000000,3,0,12,1,3,0,0,0,0,25
erron-silverstein,12699985,3,0,4,1,5,0,0,1,0,25
marcelo-calbucci,7428000,3,0,5,1,9,0,0,0,0,25
chris-alden,0,2,1,7,0,9,0,0,0,0,25
chamath-palihapitiya,8500000,7,1,31,0,14,20,1,0,0,25
adam-d-angelo,161000000,1,1,4,0,100,10,1,0,0,25
jay-elaraj,0,1,0,1,1,1,0,0,0,0,25
bram-cohen,40750000,3,1,4,4,33,0,0,0,1,25
ashwin-navin,48913000,2,1,9,7,43,0,0,1,0,25
jagadish-channagiri,0,2,0,7,6,0,0,1,0,0,25
brandt-cannici,0,1,0,2,1,3,0,0,0,0,25
paul-scanlan,142799000,1,0,2,1,7,0,0,0,0,25
john-puskarich,15000,1,0,3,1,2,0,1,0,1,25
samir-meghani,15000,1,0,3,1,2,0,1,0,0,25
brady-becker,2094920,3,0,4,0,40,0,0,0,0,25
martin-may,2094920,4,0,10,0,40,0,0,0,0,25
ari-newman,1915000,1,1,11,1,3,0,0,1,0,25
arron-kallenberg,1610000,4,0,5,2,3,0,0,0,0,32
theron-mccollough,210000,1,1,5,2,1,0,0,0,0,25
anthony-dimitre,0,1,1,2,0,0,0,0,0,0,25
jesse-tevelow,15000,1,0,3,3,1,0,0,0,0,25
joe-aigboboh,15000,1,0,1,3,1,0,0,0,0,25
matt-galligan,15045117,4,1,8,4,67,0,0,1,0,30
ben-brightwell,415000,1,0,1,1,9,0,0,0,0,25
brian-dewitt,415000,1,0,2,1,9,0,0,0,0,25
rob-johnson,455000,1,0,3,1,6,0,0,0,0,25
josh-fraser,1039988,3,0,3,1,10,0,1,0,0,30
luxiou-chen,15000,1,0,1,0,6,0,0,0,0,25
sachin-rekhi,515000,2,1,10,0,9,0,1,1,0,25
anson-tsai,15000,2,0,8,0,13,0,1,0,0,25
drew-houston,1107215000,3,1,6,2,143,5,1,0,0,25
arash-ferdowsi,1107215000,1,0,1,2,140,0,0,0,0,29
luke-iannini,889999,3,0,3,3,2,0,0,0,0,25
kevin-corcoran,889999,1,0,2,3,2,0,0,0,0,25
michael-jacobs,889999,1,1,5,3,2,0,0,0,0,25
hugo-van-vuuren,0,2,0,2,0,0,0,0,1,1,25
kevin-west,2515000,1,0,1,3,10,0,0,0,0,25
tom-alberg,0,1,1,10,0,16,1,0,0,0,74
john-doerr,0,2,1,36,0,4,5,1,0,0,63
eric-schmidt,0,2,1,11,0,23,15,1,0,0,59
sergey-brin,25100000,1,0,1,116,4612,3,1,0,1,25
jonathan-schwartz,13000000,1,0,5,0,0,0,0,1,0,49
scott-mcnealy,33500000,2,1,8,1,37,4,0,1,0,25
andy-bechtolsheim,0,3,1,4,1,22,9,1,0,1,25
jeffrey-wescott,8000000,4,0,10,1,18,0,1,0,0,41
scott-banister,69500000,3,1,12,1,20,81,1,0,0,25
cyan-banister,8000000,1,0,5,1,18,16,0,0,0,37
selena-mooney,0,1,0,3,1,3,0,0,0,0,25
sean-suhl,0,3,0,3,1,4,0,0,0,0,25
alex-bard,5700000,1,1,7,1,8,6,0,0,0,25
gary-benitt,5700000,2,0,2,3,24,2,0,1,0,25
jeremy-suriel,5700000,1,1,3,1,8,0,0,0,0,25
sashi-bommakanty,50000,2,1,3,2,17,0,0,0,0,25
mark-cuban,0,2,1,7,0,1,48,0,1,0,56
chris-dewolfe,22000000,2,1,7,7,564,0,0,1,0,48
tom-anderson,0,1,0,1,2,513,0,0,0,0,39
josh-berman,74675009,3,1,8,6,527,2,0,0,0,25
mareza-larizadeh,5750000,2,0,2,2,5,0,0,0,0,25
pavel-krapivin,5750000,1,0,1,2,5,0,0,0,0,25
brian-adams,30000000,1,0,3,0,4,0,0,0,0,25
ben-barokas,30000000,1,0,2,0,4,4,0,0,0,25
zvi-schreiber,12300000,4,0,5,1,7,1,0,0,0,45
tareq-maayah,0,1,0,2,4,0,0,0,0,0,25
jason-lawrence-nazar,4000000,1,1,2,3,40,0,0,1,0,36
tom-goodrich,0,2,1,12,0,26,0,0,0,0,25
dave-grannan,9700000,1,1,3,0,0,0,0,0,0,25
mike-phillips,26500000,1,1,2,1,6,0,0,0,0,25
john-nguyen,26500000,1,0,1,1,6,0,0,0,0,25
patrick-verdon,0,1,0,2,0,0,0,0,0,0,25
tommy-ahlers,3845100,1,1,4,2,13,5,0,0,0,25
allen-baum,0,1,0,9,0,0,0,0,1,0,25
michael-change,25107724,1,0,2,3,24,2,0,0,0,25
andy-choi,25107724,1,0,2,3,24,1,0,0,0,25
neal-bhadkamkar,0,1,1,7,0,1,0,1,0,0,25
teymour-boutros-ghali,0,1,0,4,0,1,0,0,1,0,25
nicholas-mitsakos,163600000,2,1,9,0,1,0,1,0,0,25
nabeel-hyatt,8500000,1,1,10,3,6,0,0,0,0,25
dan-ogles,8500000,1,0,1,3,6,0,0,0,0,25
michael-sheidow,8500000,1,0,1,3,6,0,0,0,0,25
daniel-o-brien,8500000,1,0,1,3,6,0,0,0,0,25
giles-andrews,56628771,1,0,1,1,14,0,0,0,0,25
michael-hirshland,260000,3,1,19,0,12,8,0,0,0,25
michael-downing,48109500,4,1,8,0,12,0,0,1,0,43
robin-smyth,0,1,0,1,1,0,0,0,0,0,25
matthew-flannery,9000000,1,0,1,1,21,0,0,0,0,25
sheel-mohnot,0,2,0,6,0,0,0,0,0,0,25
rupa-modi,0,1,0,2,0,0,0,0,1,0,25
renaud-laplanche,343470000,1,0,1,1,27,0,0,0,0,25
joaquin-delgado,0,1,1,11,0,0,0,1,0,0,25
mike-speiser,6700000,2,1,14,0,3,0,0,0,0,25
peter-pezaris,0,1,0,1,0,2,0,0,0,0,25
ryan-dadd,0,1,0,1,0,0,0,0,0,0,25
stephen-murray,0,1,0,1,0,0,0,0,0,0,25
len-lipscomb,0,1,0,1,0,0,0,0,0,0,25
rafael-ortiz,0,1,1,4,0,7,0,0,1,0,25
elliot-katzman,0,1,1,23,0,0,0,0,0,0,25
murali-aravamudan,28000000,2,0,2,4,1,0,0,0,0,25
ajit-rajasekharan,14000000,1,0,1,4,0,0,0,0,0,25
justin-siegel,18000000,3,1,6,0,13,1,0,0,0,25
jamie-hall,10500000,2,0,8,0,13,0,0,1,0,25
dilip-dasilva,0,3,0,8,0,0,0,1,0,1,25
stephen-randall,8650000,1,0,1,0,0,0,0,0,0,25
frederick-ghahramani,0,1,0,4,0,0,0,1,0,0,25
vincent-yen,0,1,0,1,0,0,0,0,0,0,25
bryce-pasenchnik,0,1,0,1,0,0,0,0,0,0,25
john-battelle,57450000,4,0,6,0,29,2,0,0,1,25
jason-weisberger,0,1,0,9,0,0,0,0,1,1,25
chas-edwards,57450000,1,1,7,0,23,0,0,0,0,44
kris-billmaier,0,1,0,1,1,1,0,0,0,0,25
david-pakman,0,1,1,10,0,0,0,1,0,0,25
michael-monero,0,2,0,2,3,1,0,0,0,0,25
stewart-alsop,0,1,1,4,0,3,4,0,0,0,25
hany-nada,0,1,1,6,0,32,3,0,1,0,25
john-puterbaugh,0,1,0,1,0,0,0,0,0,0,25
roy-joseph,0,1,0,5,0,0,0,0,0,0,25
dave-morgan,77250000,2,0,3,0,5,11,0,0,0,25
mark-pinney,0,2,0,9,0,0,0,1,1,1,25
gil-beyda,0,2,1,10,0,1,0,1,0,0,25
richard-levandov,20300000,1,1,12,0,3,2,0,0,0,25
are-traasdahl,60979278,2,1,3,0,6,0,0,0,0,25
evan-schwartz,49500019,2,0,2,0,4,1,0,0,0,25
scott-marshall,6000000,1,0,2,0,0,0,0,0,0,25
chip-austin,0,1,1,2,0,0,0,1,1,0,25
eric-hippeau,9600000,1,1,7,0,4,0,0,0,0,25
bo-peabody,9450000,1,1,5,6,2,1,0,0,0,25
adam-seifer,6100000,2,1,3,1,2,0,0,0,0,25
brian-flynn,0,3,1,13,0,0,1,0,0,0,25
paul-gelburd,0,2,0,5,0,0,1,0,0,1,25
jay-hallberg,111000000,1,0,3,1,8,0,1,1,0,25
scott-abel,111000000,3,0,7,1,8,0,0,0,0,25
francis-sullivan,111000000,1,0,5,1,8,0,0,0,0,25
zaid-farooqui,0,2,0,3,1,5,0,0,0,0,25
rodolfo-sikora,0,4,0,7,1,4,0,0,0,0,34
monjurul-dolon,0,2,0,4,1,0,0,0,0,0,25
bilal-farooqui,0,2,0,2,1,5,0,0,0,0,25
gilad-japhet,49000000,1,0,5,1,15,0,1,0,0,25
yuval-rakavy,0,2,1,5,0,3,3,0,0,0,25
martin-clifford,5000000,1,1,4,1,3,0,0,0,0,25
barry-scott,0,1,0,3,0,0,0,0,0,0,25
dr-neil-clark-warren,113000000,2,0,3,2,5,0,0,0,0,25
ann-crady,1000000,1,0,1,1,6,0,0,0,0,25
greg-steiner,0,1,1,6,0,0,0,0,1,0,25
dr-j-galen-buckwalter,0,1,0,6,0,0,0,0,0,0,25
antone-johnson,0,1,1,17,1,0,0,0,1,0,43
kevin-rose,55700000,6,1,14,21,364,19,0,0,0,37
michio-fujimura,0,1,0,3,0,0,0,0,0,0,25
hatch-graham,0,1,1,25,0,1,0,1,0,0,25
pete-thomas,0,1,1,14,0,1,0,1,0,1,25
aymerik-renard,0,1,1,6,0,2,0,0,1,0,25
steve-rosenbaum,4584180,1,1,2,0,21,0,0,0,0,25
simon-cavalleto,4584180,1,0,1,0,21,0,0,0,0,25
terry-williams,0,2,0,3,0,0,0,0,0,0,25
dan-mckinney,0,1,1,4,0,0,0,1,1,0,25
robert-adams,0,1,1,3,0,0,0,0,0,0,25
andy-halliday,6300000,1,0,5,1,2,0,0,1,0,25
chris-lunt,6300000,1,0,1,1,2,0,0,0,0,25
patrick-tardif,1000000,2,0,2,1,2,0,0,0,0,25
kristen-kuhns,1000000,1,0,1,1,2,0,0,0,0,25
aaron-martens,0,1,0,1,1,2,0,0,0,0,25
ryan-swagar,1000000,2,0,2,0,32,0,0,0,0,25
nikhyl-singhal,7510000,1,1,3,2,6,0,1,0,1,25
ujjwal-singh,7510000,1,0,1,2,6,0,0,0,0,25
bill-messing,6500000,1,0,1,0,0,0,0,0,0,25
dalton-caldwell,27132127,1,0,3,1,62,4,0,0,0,34
omar-hamoui,46800000,4,0,8,0,96,5,1,0,0,25
niren-hiro,0,2,1,11,0,0,1,0,1,0,46
steve-jang,5675000,1,1,15,2,3,3,0,0,0,25
andy-jenks,0,1,0,3,1,2,0,0,0,0,25
mike-brunzell,0,1,0,1,1,2,0,0,0,0,25
jesse-engle,1100000,2,0,3,2,13,2,0,0,0,25
seth-goldstein,20300000,7,1,15,5,44,7,0,0,0,25
david-henderson,3200000,1,0,3,0,0,0,0,0,0,25
dave-gentzel,10000000,1,0,1,3,29,0,0,0,0,25
saul-klein,8392400,4,1,44,1,62,8,0,0,0,44
tina-sharkey,0,1,1,6,1,3,3,0,0,0,25
mark-goldstein,19650000,2,1,7,1,1,1,0,0,0,25
michael-hussey,2925000,5,0,5,3,11,0,0,1,0,36
sam-lawrence,8000000,2,0,9,0,2,0,0,0,1,25
matt-tucker,69426794,1,0,2,4,23,0,1,0,0,25
bill-lynch,69426794,1,0,2,4,23,0,1,0,0,25
richard-rosenblatt,0,2,1,4,1,31,1,0,0,0,45
shawn-colo,0,1,0,1,1,31,0,1,0,0,25
paul-stahura,101060000,2,1,5,1,2,1,1,0,1,52
joe-perez,40300000,2,0,4,0,3,0,0,0,0,25
steven-kydd,40300000,1,0,4,0,3,0,0,1,0,25
larry-fitzgibbon,40300000,1,1,4,0,3,0,0,0,0,25
dr-pj-gurumohan,7100000,1,0,1,2,9,0,0,0,0,25
karan-goel,2500000,3,0,3,2,9,0,0,1,0,25
sammy-shreibati,7000000,1,0,2,0,3,0,0,0,0,25
avichal-garg,1000000,2,0,5,2,9,1,1,1,0,25
mark-maunder,450000,1,0,1,2,3,0,0,0,0,25
kerry-boyte,450000,2,0,4,2,3,0,0,0,0,25
jeff-fluhr,13323500,1,1,6,0,2,27,1,1,0,25
lukasz-gadowski,12740000,4,1,14,1,11,15,0,1,0,25
matt-mccall,0,2,1,21,0,0,3,1,1,1,25
tom-higley,0,3,1,6,0,0,1,0,0,0,25
niel-robertson,85000,1,1,5,0,0,1,1,0,0,39
ken-sawyer,0,1,0,3,0,1,1,1,0,0,25
eyal-hertzog,50000000,4,0,8,0,21,0,0,0,0,25
ran-harnevo,12800000,1,0,1,1,18,0,0,0,0,25
tal-simantov,12800000,1,0,1,1,18,0,0,0,0,25
hanan-laschover,12800000,1,0,2,1,18,0,0,0,0,25
lisa-sounio,0,1,0,1,1,11,0,0,0,0,25
matt-jones,0,1,0,10,1,11,0,0,0,0,25
marko-ahtisaari,0,1,1,6,1,11,1,0,0,0,25
keith-mccurdy,18800000,3,1,5,2,5,0,0,0,0,25
tony-parisi,18800000,2,0,2,2,5,0,0,0,0,25
keith-victor,9400000,1,0,1,2,0,0,0,0,0,25
vinny-lingham,28700000,3,1,9,0,21,2,0,1,0,35
tom-costello,33000000,1,0,1,1,25,0,1,0,0,25
anna-patterson,33000000,1,0,1,1,25,1,1,0,0,25
russell-power,33000000,1,0,2,1,25,0,0,0,0,25
haroon-mokhtarzada,34000000,2,1,6,8,65,10,0,1,0,35
shervin-pishevar,22000000,7,1,21,6,69,29,0,0,0,25
baldev-duggal,0,1,0,3,0,0,0,0,0,0,25
yann-motte,2000000,1,0,1,2,11,0,0,0,0,25
marcus-greenwood,2150000,2,0,2,2,11,1,0,0,0,25
alberto-berriero,2000000,1,0,1,2,11,0,0,0,0,25
steven-goh,34600000,1,1,2,0,12,1,0,0,0,25
mei-lin-ng,34600000,1,0,1,0,12,0,0,0,0,25
brad-jefferson,30000000,1,0,2,1,36,1,0,0,0,25
jon-radoff,3215965,1,0,2,0,0,0,0,0,0,42
george-berkowski,17400000,2,0,4,0,11,0,0,1,0,25
stevie-clifton,30000000,1,0,3,1,36,0,1,0,0,25
tom-clifton,30000000,1,0,1,1,36,0,1,0,0,25
laura-brunow-miner,0,3,0,9,0,0,0,0,1,0,25
derek-powazek,0,3,0,6,2,5,0,0,0,0,25
hosain-rahman,482999995,1,0,2,3,12,5,1,0,0,25
rehan-ryan-waliany,0,1,0,2,0,0,0,1,0,0,25
daniel-palestrant,41000000,2,0,2,1,1,0,0,0,0,25
alex-frost,0,3,0,7,0,0,0,0,0,0,25
gregor-gimmy,0,1,1,2,2,2,0,0,0,0,25
lane-becker,21000000,3,1,6,1,20,0,0,0,0,25
thor-muller,21000000,2,0,2,1,12,0,0,0,0,25
david-stephen-kidder,32500000,5,1,21,2,14,2,0,0,0,42
munish-gandhi,32500000,1,0,1,2,14,0,0,0,0,25
jeffrey-c-taylor,32000000,1,0,1,1,8,0,0,0,0,25
reed-sturtevant,4300000,2,1,11,0,1,2,0,0,0,25
josh-kopelman,750000,5,1,20,0,75,10,0,1,0,25
patrick-koppula,16500000,1,1,4,3,64,0,0,0,0,25
scott-walchek,13335758,4,1,10,1,3,2,0,0,0,25
brett-brewer,0,2,0,4,0,2,1,0,0,0,25
vipul-ved-prakash,62700000,2,1,4,3,15,2,0,0,0,25
wade-ren,0,2,0,4,1,12,0,0,0,0,25
rich-barton,190627980,4,1,11,12,103,16,1,1,0,25
lloyd-frink,96627980,1,0,1,5,57,2,0,1,0,25
chris-mcgill,3500000,1,1,4,2,19,1,0,0,0,25
rand-fishkin,19250000,1,0,1,3,2,0,0,0,0,25
song-kim,3762066,1,0,2,1,4,0,0,0,0,25
adam-curry,48900000,1,0,2,2,11,0,0,0,0,50
ron-bloom,48900000,1,0,4,2,11,0,0,0,0,25
robert-kraft,0,1,0,2,0,2,1,0,0,0,25
paul-nadjarian,6457640,1,0,4,0,1,0,0,0,0,25
vlad-shmunis,44000000,3,0,4,3,8,0,1,0,1,25
vlad-vendrow,44000000,1,0,2,3,8,0,1,0,1,25
jay-blazensky,5700000,1,0,3,0,2,0,1,0,0,25
michael-lazerow,90000000,1,1,3,0,26,17,0,0,0,25
howard-lindzon,8600000,2,0,7,4,41,29,0,1,0,25
james-altucher,6000000,2,1,9,3,2,6,1,0,0,46
andy-jagoe,4000000,2,0,6,1,6,0,0,1,0,25
arjun-mehta,46300000,2,0,2,1,26,0,0,0,0,25
tom-gonser,202699999,3,1,8,1,10,0,0,1,0,25
dave-mcclure,0,3,1,38,0,118,78,1,0,0,48
wendy-lea,0,1,1,7,0,0,1,0,1,0,25
tim-norton,250000,1,0,1,1,1,0,0,0,0,25
max-crane,1600000,1,0,2,1,5,0,0,0,0,25
teresa-phillips,2500000,1,0,1,1,3,0,0,0,0,25
vishy-kuruganti,2500000,2,0,2,1,3,0,0,0,0,25
navarrow-wright,7100000,1,0,3,1,4,0,0,0,0,25
russel-simmons,56000000,2,0,4,0,173,2,1,0,0,25
michael-wayne,15000000,1,0,1,4,2,0,0,0,0,25
chris-kimbell,15000000,1,0,2,4,2,0,0,0,0,25
ulrich-hegge,10000000,1,0,4,1,0,0,0,0,1,25
frank-conrad,10000000,1,0,3,1,0,0,1,0,0,25
christoph-bauer,0,1,0,6,0,0,0,0,0,0,25
dominique-loumaye,0,1,0,10,0,0,0,0,0,0,25
bas-seelen,0,2,0,9,0,0,0,0,0,0,25
michael-kleindl,10500000,2,1,19,0,1,1,0,0,0,25
klaus-hommels,0,1,1,18,0,0,7,0,1,0,25
hugo-burge,0,3,0,7,0,0,1,0,0,0,25
kiran-konduri,12000000,1,0,1,1,0,0,0,0,0,25
shriram-adukoorie,12000000,1,0,1,1,0,0,0,0,0,25
bal-krishn-birla,0,3,0,6,0,5,0,1,0,0,41
satish-dharmaraj,14500000,1,1,19,2,16,3,1,0,1,25
ross-dargahi,14500000,3,0,5,2,16,1,0,0,0,25
roland-schemers,14500000,2,0,5,2,16,1,1,0,1,25
eric-hahn,59000000,1,0,4,0,1,11,1,0,0,25
kevin-harvey,0,1,1,7,0,0,1,1,0,0,25
enrique-dubois,3747440,9,0,10,3,1,1,0,0,0,32
matias-de-tezanos,12000000,5,0,8,0,48,4,0,0,0,25
keith-rabois,9990000,1,1,16,0,2,52,0,0,0,25
kevin-hartz,277329000,3,1,28,6,78,18,0,0,0,25
bret-taylor,20000000,2,0,5,1,161,1,1,0,1,25
jim-norris,5000000,1,0,3,1,160,0,1,0,1,25
sanjeev-singh,5000000,1,0,2,1,160,4,1,0,0,25
mike-sha,32519999,2,1,5,1,20,0,1,0,1,25
parker-conrad,116119999,3,0,5,1,23,0,0,0,0,25
jared-klett,27300000,1,0,1,0,2,0,0,0,0,25
charles-hope,27300000,1,0,1,0,2,0,0,0,0,25
paul-cleghorn,0,1,0,1,0,4,0,0,0,0,41
marc-colando,0,1,0,1,0,4,0,0,0,0,45
dan-kelly,0,2,0,3,4,5,0,1,1,0,25
boris-putanec,0,1,0,2,1,3,1,0,0,0,25
shawn-fanning,157224427,6,1,9,4,139,9,0,0,0,34
rousseau-aurelien,0,3,0,4,0,0,0,0,0,0,25
alex-bligh,0,3,0,11,0,0,0,0,0,0,25
tony-lucas,10497161,2,0,3,2,0,0,0,0,0,25
pierre-chappaz,3000000,1,0,2,1,2,3,0,0,0,25
mauricio-lopez,3000000,1,0,1,1,2,0,0,0,0,25
anthony-fassero,0,1,0,1,3,5,0,0,0,0,25
john-ristevski,0,1,0,1,3,5,0,0,0,0,25
martin-varsavsky,71735800,2,1,6,2,14,12,0,1,0,25
jose-antonio-arribas,9080000,1,0,3,0,0,0,0,0,0,25
diego-cabezudo,9080000,1,0,4,0,0,0,0,0,0,41
jon-berrojalbiz,0,2,1,7,0,0,0,0,0,0,25
tariq-krim,53200000,3,1,4,2,70,0,0,0,0,25
andrew-rasiej,0,2,1,4,0,0,5,0,0,0,25
ethan-zuckerman,0,2,1,7,0,1,0,0,0,0,25
chase-norlin,0,1,1,11,0,2,0,0,0,0,25
andrew-anker,0,1,1,5,0,0,4,0,0,0,25
gregg-spiridellis,17900000,1,0,1,1,21,0,0,0,0,25
evan-spiridellis,17900000,1,0,1,1,21,0,0,0,0,25
davin-miyoshi,900000,1,0,3,1,3,0,0,1,0,25
jesse-hull,900000,1,0,1,1,3,0,0,0,0,25
debarshi-kar,900000,1,0,3,1,3,0,0,0,0,25
naval-ravikant,24100000,5,1,19,0,27,81,1,1,0,25
loic-le-meur,16000000,1,1,4,7,84,5,0,0,0,42
frank-addante,60000000,1,0,1,2,14,0,0,0,0,25
duc-chau,60000000,1,0,1,2,14,0,0,0,0,25
julie-mattern,63750000,2,0,2,2,16,0,0,0,0,25
david-rusenko,36320000,2,1,4,3,41,6,0,0,0,25
ron-zuckerman,13891146,3,1,5,0,0,2,0,0,0,25
kent-lindstrom,1900000,1,0,4,1,3,1,0,1,0,25
david-jones,56351387,1,0,8,5,53,0,0,1,0,46
jonathan-abrams,54150000,5,1,10,1,65,4,1,0,0,25
pasha-sadri,22100000,1,0,1,1,11,1,0,0,0,25
jawed-karim,208500000,3,1,4,3,783,13,1,0,0,25
anthony-soohoo,0,3,1,11,1,5,2,0,0,0,25
cliff-shaw,0,1,0,1,1,3,0,0,0,0,25
stephen-weir,0,4,0,6,0,0,0,0,1,0,25
jonny-hendriksen,0,1,0,1,1,5,0,0,0,0,25
linda-avey,111949900,2,1,4,0,28,1,0,0,0,25
anne-wojcicki,111949900,1,0,3,0,28,1,0,0,0,25
serge-saxonov,3000000,1,0,3,0,0,0,0,0,0,25
aaron-finn,17807000,2,0,6,0,3,0,0,1,0,25
brent-brookler,2550000,1,0,3,2,5,0,0,1,0,25
jayant-kadambi,66816240,2,0,4,2,7,0,1,0,1,25
ayyappan-sankaran,66816240,2,0,6,2,7,0,1,0,1,25
bob-ippolito,14000000,2,0,3,2,13,1,0,0,0,25
eileen-gittins,21550000,1,0,4,2,9,0,0,0,0,25
pete-wheelan,0,1,1,6,0,0,0,0,0,0,25
tim-sullivan,0,2,0,6,0,1,1,0,0,0,25
michael-graff,5250000,1,0,3,0,0,0,0,1,0,25
david-friedberg,14000000,1,0,6,0,1,1,0,0,0,25
krishna-kittu-kolluri,12000000,1,1,32,0,6,0,1,0,1,25
neil-rimer,0,1,1,15,0,56,1,0,0,0,25
howard-morgan,0,1,1,20,0,74,3,0,0,0,25
matt-mullenweg,317300000,3,1,9,15,63,34,0,0,0,30
toni-schneider,3500000,2,1,10,1,71,0,1,0,0,45
tony-conrad,200537500,5,1,39,4,93,2,0,1,0,25
di-ann-eisnor,3400000,2,0,5,1,4,0,0,1,0,25
manoj-ranaweera,0,2,0,2,1,6,0,1,0,0,25
mark-britton,60500000,1,1,6,3,4,1,0,0,0,25
sendi-widjaja,60500000,1,0,3,3,4,0,1,0,0,25
brad-silverberg,0,1,1,8,0,0,3,0,0,0,25
nova-spivack,30600000,6,1,9,1,41,2,1,0,0,45
tom-gruber,24000000,1,1,7,0,73,0,1,0,1,25
adam-cheyer,26280450,3,1,8,0,73,0,1,0,1,25
norman-winarsky,24000000,1,1,8,0,73,0,0,0,1,25
steve-wollenberg,65000000,1,0,1,0,16,0,0,0,0,25
mike-tzamaloukas,65000000,1,0,3,0,16,0,0,0,0,25
brian-smartt,65000000,1,0,1,0,16,0,0,0,0,25
peter-gotcher,0,2,1,18,0,6,4,0,0,0,25
darrin-massena,0,1,0,1,0,13,0,0,0,0,25
mike-harrington,0,1,0,1,0,13,0,0,0,0,25
brian-terry,0,1,0,2,0,1,0,0,0,0,25
justin-huff,0,1,0,2,0,1,0,0,0,0,25
yuval-tal,51100000,2,0,4,4,9,2,0,0,1,25
giora-kaplan,58500000,4,0,5,1,21,0,0,0,0,25
avishai-abrahami,58500000,1,1,2,1,21,1,0,0,0,25
jason-lemkin,8500000,2,0,3,1,10,0,0,0,0,25
deepak-alur,4550000,1,0,4,0,0,0,1,0,0,25
kamran-mohsenin,0,3,0,4,1,1,0,0,0,0,25
greg-schroeder,0,1,0,1,1,1,0,0,0,0,25
lisa-gansky,0,2,1,7,0,0,8,0,0,0,25
phil-jacob,3500000,1,0,1,2,5,0,0,0,0,25
adam-rifkin,22000000,3,1,17,2,18,0,0,0,0,25
joyce-park,0,1,0,2,0,8,0,0,0,0,25
jim-heckman,17129760,5,0,9,0,7,0,0,0,0,25
perry-wu,2500000,2,1,1,1,6,0,1,0,0,25
barrett-lyon,71189000,4,0,6,1,12,1,0,0,0,25
matt-douglas,5798482,1,0,7,1,20,1,0,1,0,25
sean-conta,5798482,1,0,4,1,20,0,1,0,0,25
matteo-berlucchi,25484268,2,1,3,1,1,0,0,0,0,25
gerardo-capiel,1000000,1,0,5,0,1,0,1,1,0,46
eric-hansen,1000000,1,0,2,0,1,0,0,0,0,25
tom-jessiman,0,1,0,2,0,0,0,0,0,0,25
teg-grenager,48500000,1,0,1,2,6,0,0,0,0,25
dan-klein,48500000,1,0,1,2,6,0,0,0,0,25
sean-behr,6400000,1,0,2,0,0,0,0,0,0,25
meir-zohar,64000000,5,0,5,6,12,0,1,0,0,25
elad-efraim,32000000,1,0,6,3,6,0,1,0,0,25
paul-walborsky,0,1,1,5,0,0,0,0,1,0,25
surj-patel,18000,1,1,4,0,0,0,0,0,0,25
cary-marsh,0,1,0,1,1,3,0,0,0,0,25
iain-millar,0,1,0,1,1,3,0,0,0,0,25
christopher-clay,748678,1,0,3,0,0,0,0,0,0,25
rob-lord,29912504,3,0,4,2,24,2,0,0,0,44
jon-callaghan,0,5,1,20,0,59,5,0,0,0,25
jack-ma,0,1,1,8,0,0,0,0,0,0,50
zaw-thet,73288000,5,1,14,12,136,2,1,0,0,25
markus-a-nordvik,1400000,1,0,3,0,1,1,0,0,0,25
tim-connors,0,2,1,8,0,2,2,1,0,1,25
alex-algard,48000000,3,0,4,4,9,5,1,1,1,25
alex-welch,21936432,2,1,5,1,9,5,0,0,0,25
jack-jia,58685837,2,1,5,2,2,0,0,0,1,25
mike-svatek,8755000,1,0,2,0,0,0,0,0,0,25
tim-vanderhook,130868275,1,0,3,0,0,0,0,0,0,25
chris-vanderhook,130868275,1,0,3,0,0,0,0,1,0,25
russell-vanderhook,130868275,1,0,2,0,0,0,0,0,0,25
sangam-sangameswara,0,2,0,4,0,0,0,0,0,0,25
michael-yavonditte,15500000,2,0,6,2,15,6,0,0,0,25
henry-vogel,0,2,1,13,0,0,1,0,1,0,47
yaron-galai,134000000,2,1,3,0,9,2,0,0,0,25
david-sasson,0,1,0,4,0,0,0,0,0,0,25
kevin-fortuna,44500000,2,0,7,0,4,3,0,0,0,25
john-foley,0,2,0,7,4,2,0,1,0,0,43
brian-gruber,8000000,2,0,2,3,5,0,0,0,0,59
daniel-ha,10500000,1,0,3,1,39,0,1,0,0,25
jason-yan,10500000,1,0,1,1,39,0,0,0,0,25
jitendra-gupta,1000000,1,1,8,1,14,0,1,0,0,25
tedd-corman,1000000,1,0,1,1,14,0,0,0,0,25
nick-halstead,79513726,3,0,4,4,63,0,0,0,0,25
mike-lewis,9300000,2,0,5,1,6,1,1,0,0,25
toby-murdock,9300000,2,0,2,1,6,0,0,0,0,25
steve-case,1000000000,2,1,12,7,416,19,0,0,0,25
paul-edmondson,14000000,2,0,5,2,11,0,0,1,0,25
jay-reitz,14000000,2,0,4,2,11,0,0,0,0,25
paul-deeds,14000000,2,0,4,2,11,0,1,1,0,39
robert-sanders,0,1,0,2,0,4,0,0,0,0,25
pejman-nozad,0,1,1,52,0,0,17,0,0,0,46
jeff-holden,22400000,1,0,6,1,10,0,1,0,0,25
darren-erik-vengroff,22400000,1,0,2,1,10,0,0,0,0,25
chad-remesch,1249990,2,0,2,1,1,0,0,0,0,25
russell-d-sa,1600000,2,0,3,0,0,0,0,0,0,25
frank-m-creer,0,1,1,2,0,0,0,0,0,0,25
jonathan-medved,33632000,1,0,1,1,2,0,0,0,0,25
felix-petersen,4695100,1,0,3,0,10,1,0,0,0,38
stefan-kellner,6695100,3,0,4,0,10,0,0,0,0,45
jim-brock,25200000,2,0,4,2,9,0,0,1,0,25
gary-cige,0,2,0,10,1,4,0,0,1,1,25
jeff-bezos,8000000,2,1,7,52,840,14,0,0,1,50
jean-francois-boudier,0,4,0,6,4,12,0,1,1,1,25
andy-baio,0,1,0,1,1,7,0,0,0,0,25
gordon-luk,1700000,2,0,2,1,11,0,0,0,0,25
david-hornstein,0,1,0,2,1,1,0,0,0,0,25
dan-ariely,7000000,1,1,3,0,1,0,0,0,0,25
john-kembel,8950000,1,0,1,1,1,0,0,0,0,25
geoff-kembel,8950000,1,0,1,1,1,0,0,0,0,25
donald-leka,1000000,1,0,2,0,2,0,0,1,0,25
sam-yagan,6000000,4,1,12,0,19,9,0,1,0,25
alec-peters,1250000,1,0,3,1,3,0,0,0,0,25
shawn-haynie,1250000,1,0,1,1,3,0,0,0,0,25
ori-schwartz,0,1,0,5,1,4,0,1,1,0,25
mohit-srivastava,1500000,1,0,1,1,1,0,0,0,0,25
sumit-sen,1500000,1,0,1,1,1,0,0,0,0,25
gurbaksh-chahal,45000000,4,0,5,2,25,1,0,0,0,32
tim-mahlman,3450673,1,1,11,0,4,0,0,0,0,25
leonard-lin,0,1,0,1,1,7,0,0,0,0,25
william-reeve,0,2,1,20,0,12,5,1,1,0,25
william-tunstall-pedoe,5190128,1,0,1,2,6,0,1,0,0,25
stephen-bell,1000000,1,0,2,0,2,0,0,0,0,25
matt-moog,5000000,2,0,4,3,1,0,0,0,0,25
avichay-nissenbaum,2500000,3,1,5,1,7,0,1,1,0,25
yaniv-golan,2500000,2,1,20,1,7,0,1,0,0,42
geoff-ralston,0,1,1,11,0,7,19,1,1,1,25
ryan-scott,0,2,0,2,1,12,4,0,0,0,45
kevin-merritt,24500000,1,0,3,0,2,0,0,0,0,25
bill-bryant,41000000,3,1,9,1,18,3,0,1,0,25
chris-basham,9021221,1,0,1,1,3,0,0,0,0,25
matt-mcadams,9021221,1,0,3,1,3,0,0,0,0,25
sam-altman,39105997,2,1,6,0,87,31,0,0,0,25
nick-sivo,39105997,1,0,1,0,87,0,0,0,0,25
pete-flint,255100000,1,0,1,2,35,0,0,0,1,25
sami-inkinen,255100000,1,0,1,2,35,1,0,0,0,25
sean-black,1400000,1,1,11,0,1,1,0,1,0,25
alastair-mitchell,38200000,1,0,1,1,11,1,0,0,0,25
andy-mcloughlin,38200000,1,0,1,1,11,12,0,1,0,25
marc-andreessen,320000002,6,1,19,0,235,33,1,0,0,43
josh-peterson,5100000,1,0,1,1,1,0,0,0,0,25
jeroen-veth,35000000,1,0,1,1,9,0,0,0,0,25
billy-mcnair,10000000,1,0,1,1,8,0,0,0,0,25
danny-robinson,11583166,4,0,7,5,14,0,0,0,0,41
barnaby-dorfman,1300000,1,1,4,0,2,0,0,0,0,25
roger-lee,0,3,1,15,0,0,0,0,0,0,25
chandu-thota,10400000,2,1,8,3,5,0,0,0,0,25
sergio-monsalve,0,1,1,19,0,0,0,1,1,0,25
peter-wagner,0,1,1,33,0,0,7,0,0,0,25
hillel-cooperman,0,1,0,2,9,6,0,0,0,0,25
walter-smith,13000000,3,0,4,10,6,0,0,0,0,25
jenny-lam,0,1,1,5,9,6,0,0,0,0,25
murali-subbarao,15260000,1,0,4,2,3,0,1,0,1,25
allwyn-lobo,15260000,1,1,6,2,3,0,1,1,1,25
tony-wright,920000,3,0,4,1,13,0,0,0,0,42
joe-hruska,920000,1,0,4,1,9,0,1,0,0,46
brian-fioca,920000,2,0,7,1,12,0,1,0,0,37
michael-mann,0,13,0,15,0,0,0,0,0,0,25
ari-rabban,2400000,1,0,1,1,1,0,0,0,0,25
adam-singolda,40000000,1,1,3,2,33,0,1,0,0,33
paul-buchheit,5000000,1,1,9,1,160,73,1,0,1,25
randy-ross,800000,1,0,4,0,3,0,0,0,0,25
john-collison,120000000,1,0,2,0,22,2,0,0,0,25
harjeet-taggar,400000,1,1,6,1,4,14,0,0,0,29
kulveer-taggar,4100000,3,0,4,1,8,0,0,1,0,25
yael-elish,5000000,1,0,3,3,9,0,0,0,0,25
sean-shadmand,2820000,4,0,5,1,6,0,0,0,0,25
isaac-mosquera,2820000,4,0,4,1,6,0,0,0,0,25
ken-lerer,53278569,3,1,20,0,39,8,0,0,0,25
kelly-rodriques,0,1,1,5,0,0,0,0,0,0,25
rich-hull,0,1,1,8,0,0,0,0,0,0,25
anthony-volodkin,0,1,0,1,1,5,0,0,0,0,25
taylor-mcknight,0,3,0,4,1,7,0,0,1,0,25
jason-fried,0,1,1,3,6,21,0,0,1,0,25
kai-friman,0,2,0,7,0,0,0,0,1,0,25
ben-campbell,29926738,1,0,1,2,7,0,0,0,0,25
mary-hodder,350000,1,0,5,1,2,0,0,0,1,25
joi-ito,0,1,1,54,0,8,18,0,0,0,48
gordon-gould,8699999,2,0,5,1,8,0,0,0,0,25
joe-edmonds,63000000,1,0,4,0,2,0,0,0,0,25
bruce-livingstone,0,1,0,1,0,18,1,0,0,0,25
kevin-tao,0,1,0,4,0,0,0,1,0,0,25
arturo-artom,1300000,1,0,1,2,2,0,0,0,0,25
luca-ferrero,1300000,1,0,1,2,2,0,0,0,0,25
robert-sandie,2344638,2,0,3,8,8,0,1,1,0,31
mark-britto,73000000,2,1,13,2,15,3,1,0,1,25
scott-faber,0,1,0,3,2,8,1,1,0,0,25
sean-van-der-linden,0,1,0,1,2,8,0,0,0,0,25
peter-semmelhack,56081364,2,0,2,1,4,0,0,1,0,25
tom-shields,18500000,1,1,1,0,2,2,1,0,0,25
doug-cosman,18500000,1,0,4,0,2,0,1,0,0,25
jonathan-miller,0,1,1,18,0,0,5,0,0,0,25
blake-ross,2300000,2,0,2,18,241,0,0,0,0,25
dave-hyatt,2300000,1,0,1,18,235,0,0,0,0,25
bill-turpin,11600000,1,0,1,0,0,0,0,0,0,25
rafhael-cedeno,11600000,1,0,1,0,0,0,0,0,0,25
robin-mccollum,11600000,1,0,1,0,0,0,0,0,0,25
corey-bridges,16600000,2,0,2,0,1,0,0,0,0,25
raj-advani,556799,1,0,1,1,8,0,1,0,0,25
vik-advani,556799,1,0,1,1,8,0,0,0,0,25
robin-har,556799,1,0,1,1,8,0,0,0,0,25
danny-moon,556799,1,0,1,1,8,0,0,0,0,25
halsey-minor,0,2,0,4,3,23,2,0,0,0,50
shelby-bonnie,0,1,0,2,3,16,5,0,0,0,25
evan-thornley,0,1,0,3,0,1,0,0,0,0,25
tracy-ellery,0,1,0,1,0,1,0,0,0,0,25
andrew-erlichson,5000000,2,0,4,2,5,0,1,0,0,25
mark-heinrich,5000000,1,0,1,2,5,0,0,0,0,25
dmitri-don,0,1,0,1,0,1,0,0,0,0,38
igor-shoifot,0,3,1,14,0,1,0,0,0,0,25
katrin-lilleoks,0,1,0,1,0,1,0,0,0,0,25
pavel-merdin,0,1,0,1,0,1,0,0,0,0,25
jeff-mellen,0,2,0,8,1,1,0,1,0,0,25
joe-wong,0,2,0,2,1,1,0,0,0,0,25
srini-panguluri,3700000,4,0,4,1,5,1,1,1,0,25
maor-ezer,1100000,2,1,7,1,2,0,0,1,0,25
sabeer-bhatia,0,2,1,5,0,2,1,0,0,1,25
john-sculley,0,1,1,12,0,0,1,0,0,0,25
alon-shwartz,4000000,1,0,1,3,40,0,0,0,0,25
matt-coffin,5750000,3,1,32,0,2,19,0,1,0,25
steven-h-krein,3045000,1,0,4,0,2,0,0,0,0,25
unity-stoakes,3045000,2,1,4,0,5,0,0,0,0,25
branko-gerovac,0,1,0,3,0,0,0,0,0,0,25
jonathan-seelig,0,1,1,13,2,19,0,0,0,0,25
eli-barkat,0,2,1,8,0,0,2,1,0,0,25
chemi-peres,0,1,1,3,0,7,1,1,1,0,25
kasian-franks,7425000,4,0,17,1,24,0,1,0,0,25
raf-podowski,7000000,1,0,9,1,20,0,1,0,1,25
shekhar-lodha,7000000,1,0,2,1,20,0,0,0,0,25
jonathan-buckley,0,1,0,10,0,0,0,0,1,0,46
jason-kilar,75000000,1,1,4,0,0,1,0,0,0,25
aza-raskin,8950000,4,0,6,1,22,0,0,0,0,30
scott-robbin,6700000,1,0,5,1,17,0,0,0,0,25
behrooz-rezvani,117453980,2,0,3,1,4,0,1,0,1,25
andrea-goldsmith,117453980,1,1,8,1,4,0,0,0,0,25
julie-davidson,260000,2,0,4,2,5,1,1,0,0,25
narendra-rocherolle,29060000,5,1,9,3,17,1,0,0,0,25
nick-wilder,19560000,6,0,7,3,17,0,1,0,0,25
sam-lessin,9950000,2,0,6,2,10,6,0,0,0,25
darshan-somashekar,0,1,0,2,0,0,0,0,0,0,31
stuart-ellman,0,1,1,9,0,19,0,0,0,0,25
andrew-weinreich,14161383,5,1,11,3,11,0,0,0,0,25
ben-kittrell,0,1,0,9,1,1,0,0,0,0,25
heath-huffman,0,1,0,1,1,1,0,0,1,0,25
greg-nuyens,0,2,0,9,0,0,0,1,0,0,25
chris-o-brien,17200000,2,1,3,2,9,0,0,0,0,25
andrew-wason,17200000,1,0,1,2,9,0,0,0,0,25
chris-brown,1000,1,0,5,0,0,0,0,0,0,25
joe-heitzeberg,12000000,1,0,4,1,4,1,1,0,0,25
daniel-marhely,149300000,1,0,1,0,25,3,0,0,0,25
jonathan-benassaya,154500000,5,0,5,0,33,0,1,1,1,25
pau-garcia-mil,1445300,1,1,3,2,3,0,0,0,0,27
john-pollard,6400000,2,0,4,2,9,0,0,0,0,25
shreedhar-madhavapeddi,5400000,1,0,4,2,9,0,1,0,1,25
doug-aley,3250000,1,0,3,0,5,0,0,1,0,25
james-gagan,0,3,0,5,0,0,0,0,0,0,25
cotter-cuningham,302000000,3,0,6,1,11,0,0,0,0,25
andy-cohen,23519998,1,0,6,1,5,0,0,1,0,25
steve-fram,23519998,1,0,4,1,5,0,0,0,0,25
jim-scott,23519998,1,0,2,1,5,0,0,0,0,25
bill-gross,251000002,4,1,9,9,18,1,1,0,0,25
david-cancel,48650000,6,1,14,3,23,7,0,0,0,25
daniel-o-reilly,0,1,0,2,0,0,0,0,0,0,25
jeff-clavier,0,1,1,9,0,26,19,1,0,1,25
mike-brown,0,1,0,1,2,0,2,0,0,0,25
jason-schultz,100000,1,0,9,0,0,1,0,0,0,25
ted-persson,0,2,0,3,1,4,0,0,0,0,25
eran-cohen,100000,1,0,2,0,0,0,0,0,0,25
lee-lorenzen,0,1,0,6,0,0,0,1,0,0,25
mrinal-desai,0,1,0,3,0,1,1,1,0,0,25
thomas-ball,58800000,2,1,18,1,0,0,0,1,0,25
weiting-liu,1100000,2,0,2,1,6,0,1,0,1,25
yair-goldfinger,6500000,4,1,5,5,9,3,1,0,0,25
matt-lerner,2000000,1,0,1,5,1,0,0,0,0,25
mike-mathieu,2000000,1,1,3,5,1,0,0,0,0,25
jesse-kocher,2000000,1,0,1,5,1,0,0,0,0,25
christina-domecq,105500000,1,0,1,1,18,0,0,0,0,25
daniel-doulton,105500000,1,0,1,1,18,0,0,0,0,25
mark-rukavina,17518226,2,0,3,1,0,0,0,1,0,25
andrew-macfarlane,3130473,1,0,2,2,1,0,0,0,0,25
shawn-gupta,0,2,0,2,1,0,0,0,0,0,25
reman-child,0,1,0,1,1,0,0,0,0,0,25
arik-yavilevich,25000000,1,0,5,3,6,0,1,0,0,25
tal-schwartz,41560000,2,1,3,3,6,0,0,1,0,25
eran-shir,3000000,1,0,1,1,11,1,0,0,0,25
jon-aizen,5700000,3,0,6,2,11,0,1,0,0,25
mitch-kapor,0,3,1,20,0,1,53,0,0,0,64
ben-dean,11000000,3,0,8,1,22,0,0,0,0,25
tobin-van-pelt,100000,1,0,1,1,1,0,0,0,0,25
bastien-duclaux,3837860,1,0,1,4,1,1,0,0,0,39
cedric-anes,3837860,1,0,1,4,1,0,0,0,0,25
richard-hagen-jr,6000000,1,0,3,1,0,0,0,0,0,25
ted-leonsis,0,1,1,11,0,0,13,0,0,0,25
amir-leitersdorf,2000000,3,0,5,1,2,0,1,0,0,25
iri-amirav,2000000,4,0,10,1,2,0,0,1,0,39
christian-flickinger,0,4,0,4,0,0,0,0,0,0,28
brad-fitzpatrick,0,1,0,4,1,7,0,1,0,0,34
david-tokheim,0,2,0,7,0,1,0,0,0,0,25
ken-miller,1200000,1,0,2,0,0,0,0,0,0,25
jim-pitkow,31200000,3,1,13,3,14,2,1,0,0,25
michael-arrington,6500000,5,1,10,11,225,9,0,1,0,44
michael-parekh,0,1,0,4,0,0,15,0,1,0,25
michael-tanne,6200000,2,1,14,1,27,11,0,0,0,25
tal-yaniv,0,1,0,8,2,2,0,0,0,0,47
greg-smith,0,1,1,10,0,0,0,1,0,0,25
patrick-graf,107225000,2,0,2,2,5,0,0,0,0,25
andrew-wright,14399999,1,0,7,2,3,7,1,0,0,25
paul-ingalls,675000,1,0,5,0,0,0,1,0,0,25
rob-glaser,5100000,2,1,5,3,15,13,1,1,0,25
jonathan-gay,1000000,3,0,8,0,1,1,1,0,0,25
richard-wolpert,12600000,1,1,7,0,5,9,1,0,0,25
stephane-soler,1476100,4,0,4,1,1,0,0,0,0,25
fabien-guiraud,1476100,1,0,3,1,1,0,0,0,0,25
harrison-tang,0,1,0,1,5,10,0,0,0,0,25
jennifer-zeszut,4000000,1,0,2,1,13,0,0,1,0,25
gary-marino,100000000,1,0,1,1,6,0,0,0,0,25
dr-riza-c-berkan,23500238,1,1,2,1,7,0,1,0,1,25
melek-pulatkonak,0,1,0,2,0,0,0,0,0,0,25
david-greenspan,715000,1,0,1,2,7,0,0,0,0,25
aaron-iba,715000,1,0,3,2,7,3,1,1,0,25
j-d-zamfirescu,715000,1,0,1,2,7,0,0,0,0,25
greg-reinacker,17838411,1,0,3,1,14,0,1,0,0,25
ajaipal-s-virdy,750000,2,0,4,2,13,0,1,0,1,25
greg-pass,0,1,1,11,0,0,0,1,0,0,25
abdur-chowdhury,750000,1,1,8,2,13,1,1,0,0,25
james-currier,33800000,6,1,19,3,8,12,0,1,0,47
michael-birch,15000000,4,1,5,4,78,28,0,0,0,44
mike-jones,46000000,2,1,30,0,29,7,0,1,0,39
stan-chudnovsky,26800000,3,1,11,0,3,9,0,0,0,25
otis-chandler,2750000,1,0,2,1,6,0,1,0,0,25
elizabeth-khuri,2750000,1,0,1,1,6,0,0,0,0,25
josh-abramson,20000000,3,1,7,1,5,1,0,0,0,25
ricky-van-veen,20000000,2,1,5,1,4,2,0,0,1,25
ted-griggs,11000000,1,0,1,1,12,0,0,0,1,25
crick-waters,11000000,3,1,17,1,12,0,1,1,0,25
jesper-schultz,55450000,1,0,4,3,7,0,1,0,1,25
hans-larsen,55450000,2,0,2,3,7,0,1,0,1,25
thomas-layton,0,1,1,4,1,31,3,0,0,0,25
seth-godin,0,2,0,2,1,8,0,0,0,0,25
corey-brown,0,2,0,2,1,8,0,0,0,0,25
pascal-rossini,0,2,0,5,0,0,0,0,0,0,25
xavier-zeppetella,1300000,3,0,7,1,0,0,0,0,0,25
ouriel-ohayon,37600000,3,1,17,5,27,1,0,1,0,42
mitch-davis,43100000,2,0,7,1,6,0,0,0,0,25
andrew-schneider,43100000,1,0,4,1,6,0,0,0,0,25
randy-rasmussen,70000000,1,0,5,0,0,0,0,0,0,25
sarig-reichert,2500000,1,0,2,2,7,0,0,0,0,25
david-buckland,100000,2,0,6,0,0,0,0,0,0,25
doron-reuveni,162356000,2,0,2,2,26,0,0,0,0,25
roy-solomon,162356000,2,0,2,2,26,0,0,1,0,35
joel-kendall,0,1,0,1,1,1,0,0,0,0,25
kenny-dinkin,0,1,0,3,0,0,0,0,0,0,25
aaron-greco,3600000,1,0,3,0,4,0,0,1,0,25
terrell-jones,0,1,1,10,6,5,0,0,0,0,25
samuel-ko,96500000,1,0,1,11,3,0,0,0,0,25
steve-hafner,235024070,1,0,2,1,42,0,0,1,0,25
paul-english,235024070,2,1,4,1,42,4,1,0,0,25
kellie-pelletier,0,1,0,4,0,0,0,0,0,0,25
beatrice-tarka,1000000,1,0,1,1,6,0,0,0,0,25
lucia-carniglia,1000000,1,0,1,1,6,0,0,0,0,25
svetlozar-nestorov,1000000,1,0,1,1,6,0,0,0,0,25
duane-maxwell,17500000,1,0,3,1,7,0,1,0,1,25
andrew-huang,17500000,1,0,2,1,7,0,1,0,0,25
ken-steele,17500000,1,0,3,1,7,0,0,0,0,25
steve-adler,17500000,1,0,6,1,7,0,0,0,0,25
dennis-whittle,0,1,1,5,1,0,0,0,1,0,25
mari-kuraishi,0,1,1,4,1,0,0,0,1,0,25
nicholas-negroponte,0,1,1,4,0,0,9,0,0,0,25
walter-bender,0,1,0,1,2,0,0,0,0,0,25
bob-christopher,23250000,1,1,1,0,1,0,0,0,0,25
caleb-chung,23250000,1,0,1,0,1,0,0,0,0,25
b-j-stanbery,253000000,1,1,4,1,1,0,1,0,1,25
jimmy-treybig,0,1,1,7,0,0,1,1,1,0,25
robert-kalin,97256127,1,0,1,0,35,0,0,0,0,25
haim-schoppik,97256127,1,0,3,0,35,0,0,0,0,25
jared-tarbell,97256127,1,0,1,0,35,0,1,0,0,25
caterina-fake,28700000,4,1,6,2,211,11,0,0,0,45
stewart-butterfield,179950000,2,1,3,4,150,6,0,0,0,25
joshua-schachter,0,2,1,5,1,75,49,1,0,0,40
albert-wenger,0,1,1,17,0,2,2,1,1,0,25
yet-ming-chiang,502860000,1,0,1,1,5,0,0,0,0,25
ric-fulop,502860000,1,1,7,1,5,0,0,0,0,25
bart-riley,502860000,1,0,3,1,5,0,0,0,0,25
steve-jobs,0,4,0,3,44,2979,0,0,0,0,59
david-mills,123300000,1,0,2,1,1,0,0,1,0,25
graham-morrison,123300000,1,0,1,1,1,0,1,0,0,25
john-o-donnell,0,2,0,6,0,0,0,0,1,0,25
vinod-khosla,0,2,1,11,1,84,10,1,0,0,25
scott-farquhar,210000000,1,1,5,14,27,2,0,0,0,25
mike-cannon-brookes,210000000,1,1,13,14,27,2,0,0,0,25
ron-dembo,0,1,0,1,2,7,1,0,0,0,25
andrew-busey,31500000,8,1,20,8,23,2,1,0,0,25
christian-primozich,0,2,0,3,1,0,0,1,0,0,25
ryan-dewsbury,0,2,0,6,2,2,0,1,0,0,25
charles-forman,21200000,2,0,2,1,14,1,0,0,0,25
sean-parker,78108625,5,1,14,6,129,9,0,0,0,25
joe-green,0,1,1,5,0,3,1,0,0,0,25
bob-morgan,3500000,1,0,2,0,0,0,0,0,0,25
reggie-chan,2500000,1,0,2,1,4,0,0,0,0,25
jay-batson,118500000,2,0,3,6,8,13,0,0,0,25
dries-buytaert,118500000,2,0,2,6,14,0,1,0,0,36
pete-parsons,1000000,1,0,2,1,0,0,0,0,0,25
michael-reich,1750000,1,0,3,1,1,0,0,1,0,25
georg-ludviksson,8250000,3,0,5,4,1,0,1,0,0,25
phuc-truong,1750000,3,0,4,1,1,0,0,1,0,25
joachim-schoss,63460000,2,0,5,0,0,3,0,0,0,25
venky-harinarayan,55237600,2,1,6,2,20,7,1,0,0,25
anand-rajaraman,55237600,3,1,10,2,20,8,1,0,0,25
srinivasan-seshadri,0,2,0,7,5,0,0,1,0,0,25
robert-reich,27300000,3,0,3,5,33,0,0,0,0,25
peter-newcomb,27300000,1,0,1,4,32,0,0,0,0,25
marc-tarpenning,730500000,2,1,7,2,79,1,1,0,0,25
jb-straubel,0,1,0,4,0,0,0,1,0,1,25
elon-musk,927500000,4,1,7,5,269,11,0,1,0,43
jim-marver,0,1,1,7,0,9,0,0,0,0,25
kimbal-musk,0,2,1,8,0,0,0,0,0,0,42
laurie-yoler,0,1,1,11,0,0,0,0,1,0,25
antonio-gracias,0,1,1,11,0,0,0,0,1,1,25
doug-cosart,0,1,0,1,1,1,0,0,0,0,25
robert-hendriksen,0,1,0,1,1,1,0,0,0,0,25
steve-kim,0,1,0,1,1,1,0,0,0,0,25
tim-lenz,0,1,0,1,1,1,0,0,0,0,25
jk-weiss,0,1,0,1,1,1,0,0,0,0,25
thibaud-elziere,238875297,9,0,12,5,25,7,1,1,0,25
munjal-shah,47300000,5,1,14,2,21,2,1,0,0,25
burak-gokturk,47300000,1,0,1,2,20,0,0,0,0,25
azhar-khan,50800000,3,1,8,2,20,0,1,1,1,25
philip-carmichael,0,1,1,3,1,1,0,0,0,0,25
rob-crumpler,0,2,0,8,0,0,0,0,1,0,25
todd-parsons,36204073,2,0,4,3,5,0,0,0,0,25
dan-zaccagnino,0,1,0,1,1,2,0,0,0,0,25
matthew-siegel,0,1,1,2,1,2,0,0,1,0,25
jesse-chan-norris,0,1,0,1,1,2,0,0,0,0,25
mantis-evar,0,1,0,3,1,2,0,0,0,0,25
mark-amin,0,3,1,4,0,0,1,0,1,0,25
scott-painter,283165000,4,1,11,0,14,0,0,1,0,25
bernie-brenner,283165000,2,0,7,1,15,0,0,1,0,25
greg-brogger,0,2,0,4,0,11,0,0,0,0,25
jim-nguyen,283165000,1,0,6,0,11,0,0,1,0,25
oded-noy,295765000,6,1,6,0,16,0,0,0,0,25
tom-taira,283165000,2,0,5,0,12,0,0,0,0,25
amit-jain,0,1,0,7,0,0,0,0,0,0,25
chris-hock,0,1,0,5,0,0,0,0,0,0,25
ren-a-c-lacerte,72600000,2,1,6,0,6,0,0,1,0,25
bismarck-lepe,130435583,2,0,3,1,35,0,0,1,0,25
sean-knapp,122000000,1,1,4,1,35,2,1,0,1,25
belsasar-lepe,122000000,1,0,2,1,35,0,0,0,0,25
nathaniel-stevens,40000002,1,1,3,4,12,1,0,0,0,25
milind-mehere,40000002,1,1,3,4,12,0,0,0,0,25
ben-rubenstein,40000002,1,0,1,4,12,0,0,0,0,25
keith-smith,53065000,2,0,2,1,7,1,0,0,0,25
kenneth-smith,40000000,1,0,1,1,3,0,0,0,0,25
doug-hanhart,40000000,1,0,1,1,3,0,0,0,0,25
jeff-malek,53065000,2,0,2,1,7,0,0,0,0,25
martin-luc-archambault,0,2,1,12,0,14,0,0,1,0,25
john-ferber,4884228,2,1,6,1,1,1,0,0,0,25
david-jacobs,0,1,0,2,0,1,0,0,0,0,25
harsh-roongta,17200000,1,0,5,1,0,0,0,0,0,25
hemang-desai,17200000,1,0,1,1,0,0,0,0,0,25
kp-balaraj,0,2,1,5,0,0,0,0,1,0,25
david-lenehan,0,1,0,1,2,7,0,0,0,0,25
matt-maloney,84100000,1,1,2,5,12,1,1,1,1,25
delip-andra,3600000,4,1,9,1,2,0,1,0,0,25
gaurav-bhatia,0,1,0,5,1,6,0,1,0,1,25
jack-moffitt,6580000,1,0,4,0,13,0,0,0,0,25
patrick-mahoney,6580000,1,0,3,0,13,0,0,0,0,25
mark-brodsky,0,1,0,5,1,1,0,0,0,1,25
rafael-urbina,53500000,1,0,1,2,1,0,0,0,0,25
steven-waldman,7000000,1,0,1,1,1,0,0,0,0,25
ryan-spoon,1200000,2,1,16,1,10,1,0,0,0,25
paolo-gaudiano,500000,1,0,3,0,0,0,1,0,1,25
tod-m-sacerdoti,40242738,1,0,3,1,11,0,0,0,0,25
david-feinleib,0,1,0,1,1,0,0,0,0,0,25
tom-cole,0,1,0,1,1,0,3,0,0,0,25
kurt-huang,13300000,1,0,1,0,1,0,0,0,0,25
buno-pati,95892257,1,0,2,0,2,0,1,0,0,25
james-siminoff,8800000,4,1,9,1,37,2,0,0,0,38
mark-dillon,6700000,4,1,13,1,33,0,0,0,0,25
tony-wesley,0,1,0,8,0,0,0,0,0,0,25
david-gerzof,0,1,1,7,0,1,0,0,0,1,25
greg-woock,18500000,1,0,1,3,13,0,0,0,0,25
joe-sipher,18500000,1,0,1,3,13,0,0,0,0,25
alexander-castro,11567800,1,0,8,0,7,0,1,0,0,25
jonathan-thompson,11567800,1,0,1,0,7,0,0,0,0,25
paul-allen,20000000,5,0,6,89,1706,2,0,0,0,61
