permalink,year,m_fr_sum,fr_sum,serial_num,vp_exp_dummy,num_comp_exp,product_num,inv_num,cs_dummy,biz_dummy,master_dummy
ben-elowitz,2011,0,0,2,0,8,3,0,1,0,0
ben-elowitz,2012,0,0,2,0,8,3,0,1,0,0
ben-elowitz,2013,0,0,2,0,8,3,0,1,0,0
ben-elowitz,2014,0,0,2,0,8,3,0,1,0,0
ron-gorodetzky,2011,0,0,2,0,4,9,0,0,0,0
ron-gorodetzky,2012,0,0,2,0,4,9,0,0,0,0
ron-gorodetzky,2013,0,0,2,0,4,9,0,0,0,0
ron-gorodetzky,2014,0,0,2,0,4,9,0,0,0,0
mark-zuckerberg,2011,1500,1500000000,2,1,3,7,0,0,0,0
mark-zuckerberg,2012,0,0,2,1,3,7,0,0,0,0
mark-zuckerberg,2013,0,0,3,1,3,8,1,0,0,0
mark-zuckerberg,2014,0,0,3,1,3,10,3,0,0,0
dustin-moskovitz,2011,1500,1500000000,2,0,2,6,24,0,0,0
dustin-moskovitz,2012,28,28000000,2,0,2,6,28,0,0,0
dustin-moskovitz,2013,0,0,2,0,2,7,28,0,0,0
dustin-moskovitz,2014,0,0,2,0,2,9,36,0,0,0
matt-cohler,2011,0,0,0,1,6,1,3,1,1,0
matt-cohler,2012,0,0,0,1,6,1,3,1,1,0
matt-cohler,2013,0,0,1,1,6,1,6,1,1,0
matt-cohler,2014,0,0,1,1,6,1,10,1,1,0
chris-hughes,2011,1500,1500000000,2,1,6,6,4,0,0,0
chris-hughes,2012,0,0,2,1,6,6,10,0,0,0
chris-hughes,2013,0,0,2,1,6,7,10,0,0,0
chris-hughes,2014,0,0,2,1,6,9,15,0,0,0
darren-crystal,2011,0,0,1,0,3,1,1,1,0,0
darren-crystal,2012,0,0,1,0,3,1,1,1,0,0
darren-crystal,2013,0,0,1,0,3,1,1,1,0,0
darren-crystal,2014,3.186432,3186432,1,0,3,1,1,1,0,0
michael-clark,2011,0,0,1,0,3,1,0,0,0,0
michael-clark,2012,0,0,1,0,3,1,0,0,0,0
michael-clark,2013,0,0,1,0,3,1,0,0,0,0
michael-clark,2014,0,0,1,0,3,1,0,0,0,0
peter-pham,2011,28,28000000,1,1,12,1,3,0,1,0
peter-pham,2012,0,0,1,1,12,1,4,0,1,0
peter-pham,2013,0,0,1,1,12,1,6,0,1,0
peter-pham,2014,0,0,1,1,12,1,6,0,1,0
alice-lankester,2011,0,0,3,1,13,4,0,0,0,0
alice-lankester,2012,0,0,3,1,13,4,0,0,0,0
alice-lankester,2013,0,0,3,1,13,4,0,0,0,0
alice-lankester,2014,0,0,3,1,13,4,0,0,0,0
david-sacks,2011,17,17000000,2,1,10,2,0,0,1,0
david-sacks,2012,85,85000000,2,1,10,2,0,0,1,0
david-sacks,2013,0,0,2,1,10,2,19,0,1,0
david-sacks,2014,0,0,2,1,10,2,36,0,1,0
alan-braverman,2011,25,25000000,1,1,6,2,1,1,0,0
alan-braverman,2012,0,0,2,1,6,2,1,1,0,0
alan-braverman,2013,0,0,2,1,6,2,3,1,0,0
alan-braverman,2014,0,0,2,1,6,2,3,1,0,0
phil-bogle,2014,0,0,1,0,1,1,0,0,0,0
phil-bogle,2012,0,0,1,0,1,1,0,0,0,0
phil-bogle,2013,0,0,1,0,1,1,0,0,0,0
phil-bogle,2011,0,0,1,0,1,1,0,0,0,0
jason-goldberg,2013,165,165000000,4,0,8,5,3,0,0,0
jason-goldberg,2014,0,0,5,0,8,5,3,0,0,0
jason-goldberg,2011,48.7,48700000,4,0,8,5,3,0,0,0
jason-goldberg,2012,120,120000000,4,0,8,5,3,0,0,0
blake-williams,2013,0,0,1,0,4,1,0,0,0,0
blake-williams,2014,0,0,1,0,4,1,0,0,0,0
blake-williams,2011,0,0,1,0,4,1,0,0,0,0
blake-williams,2012,0,0,1,0,4,1,0,0,0,0
chris-tolles,2014,0,0,3,1,6,4,1,0,0,0
chris-tolles,2012,0,0,3,1,6,4,1,0,0,0
chris-tolles,2013,0,0,3,1,6,4,1,0,0,0
chris-tolles,2011,0,0,3,1,6,4,0,0,0,0
fred-wagner,2013,0,0,1,0,1,1,0,0,0,0
fred-wagner,2014,0,0,1,0,1,1,0,0,0,0
fred-wagner,2011,0,0,1,0,1,1,0,0,0,0
fred-wagner,2012,0,0,1,0,1,1,0,0,0,0
jessica-livingston,2013,0,0,1,0,1,1,3,0,0,0
jessica-livingston,2014,0,0,1,0,1,1,6,0,0,0
jessica-livingston,2011,0,0,1,0,1,1,0,0,0,0
jessica-livingston,2012,0,0,1,0,1,1,3,0,0,0
trevor-blackwell,2012,0,0,1,0,2,1,3,1,0,0
trevor-blackwell,2013,0,0,1,0,2,1,6,1,0,0
trevor-blackwell,2014,0,0,1,0,2,1,6,1,0,0
trevor-blackwell,2011,0,0,1,0,2,1,3,1,0,0
paul-graham,2014,0,0,1,1,3,1,36,0,0,1
paul-graham,2012,0,0,1,1,3,1,24,0,0,1
paul-graham,2013,0,0,1,1,3,1,29,0,0,1
paul-graham,2011,0,0,1,1,3,1,9,0,0,1
vincent-paquet,2013,0,0,1,0,3,1,1,0,0,0
vincent-paquet,2014,0,0,1,0,3,1,1,0,0,0
vincent-paquet,2011,0,0,1,0,3,1,1,0,0,0
vincent-paquet,2012,0,0,1,0,3,1,1,0,0,0
craig-walker,2013,0,0,3,0,10,3,0,0,1,0
craig-walker,2012,15,15000000,3,0,10,3,0,0,1,0
craig-walker,2014,0,0,3,0,10,3,0,0,1,0
craig-walker,2011,3,3000000,2,0,10,3,0,0,1,0
oren-levy,2014,0,0,2,0,6,2,0,0,0,0
oren-levy,2012,0,0,2,0,6,2,0,0,0,0
oren-levy,2013,0,0,2,0,6,2,0,0,0,0
oren-levy,2011,0,0,2,0,6,2,0,0,0,0
nir-ofir,2013,0,0,2,0,7,2,0,0,1,0
nir-ofir,2014,0,0,2,0,7,2,0,0,1,0
nir-ofir,2011,0,0,2,0,7,2,0,0,1,0
nir-ofir,2012,1.5,1500000,2,0,7,2,0,0,1,0
john-ham,2013,0,0,1,0,1,2,3,0,0,0
john-ham,2014,0,0,1,0,1,2,3,0,0,0
john-ham,2011,0,0,1,0,1,2,2,0,0,0
john-ham,2012,0,0,1,0,1,2,2,0,0,0
brad-hunstable,2014,0,0,1,0,2,2,0,1,1,0
brad-hunstable,2012,0,0,1,0,2,2,0,1,1,0
brad-hunstable,2013,0,0,1,0,2,2,0,1,1,0
brad-hunstable,2011,0,0,1,0,2,2,0,1,1,0
kyle-vogt,2013,0,0,2,0,4,2,1,0,0,0
kyle-vogt,2014,0,0,2,0,4,2,1,0,0,0
kyle-vogt,2011,0,0,1,0,4,2,0,0,0,0
kyle-vogt,2012,0,0,2,0,4,2,1,0,0,0
emmett-shear,2013,20,20000000,2,0,4,2,6,1,0,0
emmett-shear,2014,0,0,2,0,4,2,10,1,0,0
emmett-shear,2011,0,0,2,0,4,2,1,1,0,0
emmett-shear,2012,15,15000000,2,0,4,2,3,1,0,0
justin-kan,2014,0,0,5,1,7,5,36,0,0,0
justin-kan,2012,18.3,18300000,5,1,7,5,1,0,0,0
justin-kan,2013,20,20000000,5,1,7,5,8,0,0,0
justin-kan,2011,0,0,4,1,7,5,1,0,0,0
max-haot,2013,0,0,1,0,1,4,0,0,0,0
max-haot,2014,0,0,1,0,1,4,0,0,0,0
max-haot,2011,1.999973,1999973,1,0,1,4,0,0,0,0
max-haot,2012,0,0,1,0,1,4,0,0,0,0
steve-chen,2013,0,0,2,1,5,4,36,1,0,0
steve-chen,2014,0,0,2,1,5,4,36,1,0,0
steve-chen,2012,0,0,2,1,5,4,36,1,0,0
steve-chen,2011,0,0,2,1,5,4,27,1,0,0
chad-hurley,2014,0,0,2,1,4,4,0,0,0,0
chad-hurley,2012,0,0,2,1,4,4,0,0,0,0
chad-hurley,2013,0,0,2,1,4,4,0,0,0,0
chad-hurley,2011,0,0,2,1,4,4,0,0,0,0
thomas-pigoski,2013,0,0,1,0,2,1,0,0,0,0
thomas-pigoski,2014,0,0,1,0,2,1,0,0,0,0
thomas-pigoski,2011,0,0,1,0,2,1,0,0,0,0
thomas-pigoski,2012,0,0,1,0,2,1,0,0,0,0
john-witchel,2013,45,45000000,4,1,9,4,0,1,0,1
john-witchel,2014,70,70000000,4,1,9,4,0,1,0,1
john-witchel,2011,17.2,17200000,4,1,9,4,0,1,0,1
john-witchel,2012,0,0,4,1,9,4,0,1,0,1
marc-hedlund,2013,0,0,1,1,3,1,0,0,0,0
marc-hedlund,2014,0,0,1,1,3,1,0,0,0,0
marc-hedlund,2011,0,0,1,1,3,1,0,0,0,0
marc-hedlund,2012,0,0,1,1,3,1,0,0,0,0
alex-nerst,2013,0,0,1,0,1,2,0,0,0,0
alex-nerst,2014,0,0,1,0,1,2,0,0,0,0
alex-nerst,2011,10,10000000,1,0,1,2,0,0,0,0
alex-nerst,2012,0,0,1,0,1,2,0,0,0,0
boaz-zilberman,2013,0,0,1,0,1,2,0,0,0,0
boaz-zilberman,2014,0,0,1,0,1,2,0,0,0,0
boaz-zilberman,2012,0,0,1,0,1,2,0,0,0,0
boaz-zilberman,2011,10,10000000,1,0,1,2,0,0,0,0
michael-robertson,2014,0,0,5,0,7,5,1,0,0,0
michael-robertson,2012,0,0,5,0,7,5,1,0,0,0
michael-robertson,2013,0,0,5,0,7,5,1,0,0,0
michael-robertson,2011,0,0,5,0,7,5,1,0,0,0
henry-gomez,2014,0,0,1,0,11,1,0,0,0,0
henry-gomez,2013,0,0,1,0,11,1,0,0,0,0
henry-gomez,2011,0,0,1,0,11,1,0,0,0,0
henry-gomez,2012,0,0,1,0,11,1,0,0,0,0
janus-friis,2013,83.2,83200000,4,0,5,8,6,0,0,0
janus-friis,2014,25,25000000,4,0,5,8,6,0,0,0
janus-friis,2011,17.5,17500000,4,0,5,8,3,0,0,0
janus-friis,2012,0,0,4,0,5,8,3,0,0,0
niklas-zennstrom,2013,83.2,83200000,5,1,11,9,1,1,1,1
niklas-zennstrom,2014,25,25000000,5,1,11,9,1,1,1,1
niklas-zennstrom,2011,17.5,17500000,5,1,11,9,1,1,1,1
niklas-zennstrom,2012,0,0,5,1,11,9,1,1,1,1
jason-rhee,2014,0,0,2,0,4,4,0,0,0,0
jason-rhee,2012,0,0,2,0,4,4,0,0,0,0
jason-rhee,2013,0,0,2,0,4,4,0,0,0,0
jason-rhee,2011,15,15000000,2,0,4,4,0,0,0,0
arthur-cinader,2014,0,0,2,0,3,4,0,0,0,0
arthur-cinader,2011,15,15000000,2,0,3,4,0,0,0,0
arthur-cinader,2012,0,0,2,0,3,4,0,0,0,0
arthur-cinader,2013,0,0,2,0,3,4,0,0,0,0
krista-moatz,2013,0,0,2,0,3,4,0,0,1,0
krista-moatz,2014,0,0,2,0,3,4,0,0,1,0
krista-moatz,2011,15,15000000,2,0,3,4,0,0,1,0
krista-moatz,2012,0,0,2,0,3,4,0,0,1,0
lisa-sugar,2014,0,0,2,0,3,4,0,0,0,0
lisa-sugar,2012,0,0,2,0,3,4,0,0,0,0
lisa-sugar,2013,0,0,2,0,3,4,0,0,0,0
lisa-sugar,2011,15,15000000,2,0,3,4,0,0,0,0
brian-sugar,2014,0,0,2,0,3,4,10,0,0,0
brian-sugar,2012,0,0,2,0,3,4,6,0,0,0
brian-sugar,2013,0,0,2,0,3,4,10,0,0,0
brian-sugar,2011,15,15000000,2,0,3,4,4,0,0,0
jim-young,2013,0,0,1,0,2,1,6,0,0,0
jim-young,2014,0,0,1,0,2,1,6,0,0,0
jim-young,2011,0,0,1,0,2,1,4,0,0,0
jim-young,2012,0,0,1,0,2,1,6,0,0,0
james-hong,2014,0,0,1,1,9,1,36,0,0,0
james-hong,2012,0,0,1,1,9,1,36,0,0,0
james-hong,2013,0,0,1,1,9,1,36,0,0,0
james-hong,2011,0,0,1,1,9,1,29,0,0,0
brian-c-mcgarvey,2014,0,0,1,0,8,1,0,0,0,0
brian-c-mcgarvey,2012,0,0,1,0,8,1,0,0,0,0
brian-c-mcgarvey,2013,0,0,1,0,8,1,0,0,0,0
brian-c-mcgarvey,2011,0,0,1,0,8,1,0,0,0,0
dr-benjamin-bederson,2013,0,0,1,1,2,8,0,0,0,0
dr-benjamin-bederson,2014,0,0,1,1,2,8,0,0,0,0
dr-benjamin-bederson,2011,0,0,1,1,2,8,0,0,0,0
dr-benjamin-bederson,2012,0,0,1,1,2,8,0,0,0,0
jim-cooley,2012,0,0,1,0,1,1,0,0,0,0
jim-cooley,2013,0,0,1,0,1,1,0,0,0,0
jim-cooley,2014,0,0,1,0,1,1,0,0,0,0
jim-cooley,2011,0,0,1,0,1,1,0,0,0,0
john-sangiovanni,2014,0,0,2,0,2,9,0,0,0,0
john-sangiovanni,2012,0,0,2,0,2,9,0,0,0,0
john-sangiovanni,2013,0,0,2,0,2,9,0,0,0,0
john-sangiovanni,2011,0,0,2,0,2,9,0,0,0,0
arthur-van-hoff,2013,0,0,3,1,16,3,0,1,0,0
arthur-van-hoff,2014,0,0,3,1,16,3,0,1,0,0
arthur-van-hoff,2011,0,0,3,1,16,3,0,1,0,0
arthur-van-hoff,2012,0,0,3,1,16,3,0,1,0,0
cedric-maloux,2013,0,0,2,1,6,2,0,0,0,0
cedric-maloux,2014,0,0,2,1,6,2,0,0,0,0
cedric-maloux,2011,0,0,1,1,6,2,0,0,0,0
cedric-maloux,2012,0,0,1,1,6,2,0,0,0,0
david-prager,2014,0,0,1,0,4,8,1,0,0,0
david-prager,2012,0,0,1,0,4,8,0,0,0,0
david-prager,2013,0,0,1,0,4,8,1,0,0,0
david-prager,2011,0,0,1,0,4,8,0,0,0,0
david-huard,2013,0,0,1,0,1,8,0,0,0,0
david-huard,2014,0,0,1,0,1,8,0,0,0,0
david-huard,2011,0,0,1,0,1,8,0,0,0,0
david-huard,2012,0,0,1,0,1,8,0,0,0,0
daniel-burka,2013,0,0,3,1,8,4,1,0,0,0
daniel-burka,2014,0,0,3,1,8,4,1,0,0,0
daniel-burka,2011,1.7,1700000,3,1,8,4,1,0,0,0
daniel-burka,2012,0,0,3,1,8,4,1,0,0,0
leah-culver,2014,0,0,2,0,5,2,0,1,0,0
leah-culver,2012,0,0,2,0,5,2,0,1,0,0
leah-culver,2013,0,0,2,0,5,2,0,1,0,0
leah-culver,2011,0,0,2,0,5,2,0,1,0,0
luke-nosek,2011,0,0,2,1,7,4,0,1,0,0
luke-nosek,2012,0,0,2,1,7,4,1,1,0,0
luke-nosek,2013,0,0,2,1,7,4,1,1,0,0
luke-nosek,2014,0,0,2,1,7,4,1,1,0,0
jason-rubin,2011,0,0,2,0,4,2,0,0,0,0
jason-rubin,2012,0,0,2,0,4,2,0,0,0,0
jason-rubin,2013,0,0,2,0,4,2,0,0,0,0
jason-rubin,2014,0,0,2,0,4,2,0,0,0,0
jason-kay,2011,0,0,4,1,12,4,0,0,0,0
jason-kay,2012,0,0,4,1,12,4,0,0,0,0
jason-kay,2013,0,0,4,1,12,4,0,0,0,0
jason-kay,2014,0,0,4,1,12,4,0,0,0,0
evan-williams,2011,800,800000000,5,1,7,8,3,0,0,0
evan-williams,2012,2,2000000,6,1,7,8,11,0,0,0
evan-williams,2013,0,0,6,1,7,8,11,0,0,0
evan-williams,2014,25,25000000,6,1,7,9,36,0,0,0
garrett-camp,2011,65,65000000,2,1,10,3,12,1,0,1
garrett-camp,2012,0,0,2,1,10,3,21,1,0,1
garrett-camp,2013,258,258000000,3,1,10,3,28,1,0,1
garrett-camp,2014,3050,3050000000,3,1,10,3,36,1,0,1
jack-dorsey,2011,930.5,930500000,2,1,8,3,15,0,0,0
jack-dorsey,2012,200,200000000,2,1,8,3,17,0,0,0
jack-dorsey,2013,0,0,2,1,8,5,36,0,0,0
jack-dorsey,2014,250,250000000,2,1,8,9,36,0,0,0
biz-stone,2011,800,800000000,3,1,12,7,3,0,0,0
biz-stone,2012,2,2000000,4,1,12,7,6,0,0,0
biz-stone,2013,0,0,5,1,12,7,6,0,0,0
biz-stone,2014,25,25000000,5,1,12,8,6,0,0,0
john-adler,2011,13,13000000,1,1,3,1,0,0,0,0
john-adler,2012,0,0,1,1,3,1,0,0,0,0
john-adler,2013,0,0,1,1,3,1,0,0,0,0
john-adler,2014,0,0,1,1,3,1,0,0,0,0
jared-friedman,2011,13,13000000,1,0,1,1,0,0,0,0
jared-friedman,2012,0,0,1,0,1,1,0,0,0,0
jared-friedman,2013,0,0,1,0,1,1,3,0,0,0
jared-friedman,2014,0,0,1,0,1,1,6,0,0,0
tikhon-bernstam,2011,20,20000000,2,0,2,2,5,0,0,0
tikhon-bernstam,2012,0,0,2,0,2,2,8,0,0,0
tikhon-bernstam,2013,0,0,2,0,2,2,23,0,0,0
tikhon-bernstam,2014,0,0,2,0,2,2,36,0,0,0
bill-nguyen,2011,28,28000000,2,1,4,2,0,0,0,0
bill-nguyen,2012,0,0,2,1,4,2,0,0,0,0
bill-nguyen,2013,0,0,2,1,4,2,0,0,0,0
bill-nguyen,2014,0,0,2,1,4,2,0,0,0,0
sky-dayton,2011,23.598258,23598258,8,1,13,8,6,0,0,0
sky-dayton,2012,0,0,8,1,13,8,10,0,0,0
sky-dayton,2013,0,0,8,1,13,8,10,0,0,0
sky-dayton,2014,50,50000000,8,1,13,8,15,0,0,0
jay-lee,2011,0,0,1,0,3,6,0,0,0,0
jay-lee,2012,0,0,1,0,3,6,0,0,0,0
jay-lee,2013,0,0,1,0,3,6,0,0,0,0
jay-lee,2014,0,0,1,0,3,6,0,0,0,0
pierre-omidyar,2011,0,0,5,1,6,8,0,1,0,0
pierre-omidyar,2012,0,0,5,1,6,8,0,1,0,0
pierre-omidyar,2013,0,0,5,1,6,8,3,1,0,0
pierre-omidyar,2014,0,0,5,1,6,8,3,1,0,0
jeremy-latrasse,2011,3.35,3350000,1,1,4,1,0,0,0,0
jeremy-latrasse,2013,0,0,1,1,4,1,0,0,0,0
jeremy-latrasse,2012,11.95,11950000,1,1,4,1,0,0,0,0
jeremy-latrasse,2014,4,4000000,1,1,4,1,1,0,0,0
scott-petry,2011,0,0,1,1,5,1,1,0,1,0
scott-petry,2012,0,0,1,1,5,1,6,0,1,0
scott-petry,2013,0,0,1,1,5,1,6,0,1,0
scott-petry,2014,0,0,1,1,5,1,10,0,1,0
ryan-king,2011,0,0,0,1,4,1,0,1,0,1
ryan-king,2012,0,0,0,1,4,1,0,1,0,1
ryan-king,2013,0,0,1,1,4,1,0,1,0,1
ryan-king,2014,8,8000000,1,1,4,1,0,1,0,1
john-mccrea,2011,0,0,1,0,3,1,0,0,0,0
john-mccrea,2012,0,0,1,0,3,1,0,0,0,0
john-mccrea,2013,0,0,1,0,3,1,0,0,0,0
john-mccrea,2014,0,0,1,0,3,1,0,0,0,0
barney-pell,2011,0,0,4,1,6,4,9,0,0,0
barney-pell,2012,7,7000000,4,1,6,4,14,0,0,0
barney-pell,2013,23.5,23500000,4,1,6,4,25,0,0,0
barney-pell,2014,22.5,22500000,4,1,6,4,36,0,0,0
lorenzo-thione,2011,0,0,2,1,10,3,10,1,0,1
lorenzo-thione,2012,0.8,800000,3,1,10,3,10,1,0,1
lorenzo-thione,2013,0,0,3,1,10,3,10,1,0,1
lorenzo-thione,2014,0,0,3,1,10,3,15,1,0,1
adam-hertz,2011,0,0,1,0,1,1,0,0,0,0
adam-hertz,2012,0,0,1,0,1,1,0,0,0,0
adam-hertz,2013,0,0,1,0,1,1,0,0,0,0
adam-hertz,2014,0,0,1,0,1,1,0,0,0,0
ted-murphy,2011,0,0,2,0,2,4,0,0,0,0
ted-murphy,2012,0,0,2,0,2,4,0,0,0,0
ted-murphy,2013,0,0,2,0,2,4,0,0,0,0
ted-murphy,2014,12,12000000,2,0,2,5,0,0,0,0
jason-calacanis,2011,0,0,3,1,15,4,0,0,0,0
jason-calacanis,2012,0,0,3,1,15,4,8,0,0,0
jason-calacanis,2013,0,0,4,1,15,4,21,0,0,0
jason-calacanis,2014,0,0,4,1,15,4,36,0,0,0
daniel-graf,2011,0,0,1,0,3,2,0,1,0,1
daniel-graf,2012,0,0,1,0,3,2,0,1,0,1
daniel-graf,2013,0,0,1,0,3,2,0,1,0,1
daniel-graf,2014,0,0,1,0,3,2,0,1,0,1
erik-abaic,2011,0,0,1,0,1,2,0,0,0,0
erik-abaic,2012,0,0,1,0,1,2,0,0,0,0
erik-abaic,2013,0,0,1,0,1,2,0,0,0,0
erik-abaic,2014,0,0,1,0,1,2,0,0,0,0
ted-dunning,2011,0,0,1,0,5,2,0,1,0,1
ted-dunning,2012,0,0,1,0,5,2,0,1,0,1
ted-dunning,2013,0,0,1,0,5,2,0,1,0,1
ted-dunning,2014,0,0,1,0,5,2,0,1,0,1
ted-meisel,2011,0,0,0,1,13,1,6,0,0,0
ted-meisel,2012,0,0,1,1,13,1,6,0,0,0
ted-meisel,2013,0,0,1,1,13,1,6,0,0,0
ted-meisel,2014,6,6000000,1,1,13,1,6,0,0,0
todd-dagres,2011,0,0,1,1,23,1,0,0,0,0
todd-dagres,2012,0,0,1,1,23,1,0,0,0,0
todd-dagres,2013,0,0,1,1,23,1,0,0,0,0
todd-dagres,2014,0,0,1,1,23,1,0,0,0,0
ian-clarke,2011,0,0,4,1,11,5,0,1,0,0
ian-clarke,2012,1.5,1500000,5,1,11,5,0,1,0,0
ian-clarke,2013,5.3,5300000,5,1,11,5,0,1,0,0
ian-clarke,2014,0,0,5,1,11,5,0,1,0,0
scott-kliger,2011,0,0,2,0,8,2,0,0,0,0
scott-kliger,2012,0,0,2,0,8,2,0,0,0,0
scott-kliger,2013,0,0,2,0,8,2,0,0,0,0
scott-kliger,2014,0,0,2,0,8,2,0,0,0,0
dr-francisco-j-martin,2011,0.15,150000,3,0,5,10,0,1,0,0
dr-francisco-j-martin,2012,0,0,3,0,5,10,0,1,0,0
dr-francisco-j-martin,2013,1.25,1250000,3,0,5,10,0,1,0,0
dr-francisco-j-martin,2014,0.233,233000,3,0,5,10,0,1,0,0
gabriel-aldamiz-echevarria,2011,0,0,2,0,3,2,0,0,1,0
gabriel-aldamiz-echevarria,2012,0.8,800000,2,0,3,2,0,0,1,0
gabriel-aldamiz-echevarria,2013,0,0,2,0,3,2,0,0,1,0
gabriel-aldamiz-echevarria,2014,0,0,2,0,3,2,0,0,1,0
dr-marc-torrens,2011,0,0,1,0,2,1,0,0,0,0
dr-marc-torrens,2012,0,0,1,0,2,1,0,0,0,0
dr-marc-torrens,2013,0,0,1,0,2,1,0,0,0,0
dr-marc-torrens,2014,0,0,1,0,2,1,0,0,0,0
gina-bianchini,2011,0,0,1,1,5,3,0,0,0,0
gina-bianchini,2012,0,0,2,1,5,3,1,0,0,0
gina-bianchini,2013,0,0,3,1,5,3,1,0,0,0
gina-bianchini,2014,0,0,3,1,5,3,1,0,0,0
david-cowan,2011,0,0,2,1,26,2,15,1,0,0
david-cowan,2012,0,0,2,1,26,2,15,1,0,0
david-cowan,2013,0,0,2,1,26,2,21,1,0,0
david-cowan,2014,0,0,2,1,26,2,21,1,0,0
chini-krishnan,2011,0,0,2,1,9,2,0,1,0,1
chini-krishnan,2012,0,0,2,1,9,2,0,1,0,1
chini-krishnan,2013,0,0,2,1,9,2,0,1,0,1
chini-krishnan,2014,0,0,2,1,9,2,0,1,0,1
jason-knight,2011,0,0,1,0,1,1,0,0,0,0
jason-knight,2012,0,0,1,0,1,1,0,0,0,0
jason-knight,2013,0,0,1,0,1,1,0,0,0,0
jason-knight,2014,0,0,1,0,1,1,0,0,0,0
dianna-mullins,2013,25,25000000,1,0,1,4,0,0,0,0
dianna-mullins,2014,15,15000000,1,0,1,4,0,0,0,0
dianna-mullins,2011,0,0,1,0,1,4,0,0,0,0
dianna-mullins,2012,0,0,1,0,1,4,0,0,0,0
ernie-cicogna,2014,15,15000000,1,0,1,4,0,0,0,0
ernie-cicogna,2012,0,0,1,0,1,4,0,0,0,0
ernie-cicogna,2013,25,25000000,1,0,1,4,0,0,0,0
ernie-cicogna,2011,0,0,1,0,1,4,0,0,0,0
raj-narayan,2013,25,25000000,1,0,1,4,0,0,0,0
raj-narayan,2014,15,15000000,1,0,1,4,0,0,0,0
raj-narayan,2011,0,0,1,0,1,4,0,0,0,0
raj-narayan,2012,0,0,1,0,1,4,0,0,0,0
fernando-ruarte,2013,25,25000000,1,0,1,4,0,0,0,0
fernando-ruarte,2014,15,15000000,1,0,1,4,0,0,0,0
fernando-ruarte,2011,0,0,1,0,1,4,0,0,0,0
fernando-ruarte,2012,0,0,1,0,1,4,0,0,0,0
samir-arora,2014,15,15000000,1,0,2,4,0,0,1,0
samir-arora,2012,0,0,1,0,2,4,0,0,1,0
samir-arora,2013,25,25000000,1,0,2,4,0,0,1,0
samir-arora,2011,0,0,1,0,2,4,0,0,1,0
david-zhao,2013,1.6,1600000,2,0,2,4,0,0,0,0
david-zhao,2014,0,0,2,0,2,4,0,0,0,0
david-zhao,2011,0,0,1,0,2,4,0,0,0,0
david-zhao,2012,0,0,1,0,2,4,0,0,0,0
danny-hillis,2013,0,0,1,1,2,1,0,1,0,0
danny-hillis,2014,0,0,1,1,2,1,1,1,0,0
danny-hillis,2011,0,0,1,1,2,1,0,1,0,0
danny-hillis,2012,0,0,1,1,2,1,0,1,0,0
raj-kapoor,2014,9.8,9800000,2,1,13,2,0,0,0,0
raj-kapoor,2012,0,0,1,1,13,2,0,0,0,0
raj-kapoor,2013,0,0,2,1,13,2,0,0,0,0
raj-kapoor,2011,0,0,1,1,13,2,0,0,0,0
yogen-dalal,2014,7,7000000,1,1,5,1,3,1,0,0
yogen-dalal,2011,0,0,1,1,5,1,0,1,0,0
yogen-dalal,2012,3.5,3500000,1,1,5,1,0,1,0,0
yogen-dalal,2013,0,0,1,1,5,1,1,1,0,0
navin-chaddha,2013,0,0,2,1,31,2,0,1,0,1
navin-chaddha,2014,0,0,2,1,31,2,0,1,0,1
navin-chaddha,2011,0,0,2,1,31,2,0,1,0,1
navin-chaddha,2012,0,0,2,1,31,2,0,1,0,1
xochi-birch,2014,0,0,2,0,3,4,0,0,0,0
xochi-birch,2012,0,0,2,0,3,4,0,0,0,0
xochi-birch,2013,0,0,2,0,3,4,0,0,0,0
xochi-birch,2011,0,0,2,0,3,4,0,0,0,0
brian-mulloy,2014,0,0,1,0,1,1,0,0,0,0
brian-mulloy,2012,0,0,1,0,1,1,0,0,0,0
brian-mulloy,2011,0,0,1,0,1,1,0,0,0,0
brian-mulloy,2013,0,0,1,0,1,1,0,0,0,0
dmitry-dimov,2013,0,0,1,0,1,1,0,0,0,0
dmitry-dimov,2014,0,0,1,0,1,1,0,0,0,0
dmitry-dimov,2011,0,0,1,0,1,1,0,0,0,0
dmitry-dimov,2012,0,0,1,0,1,1,0,0,0,0
vincent-worms,2014,0,0,2,0,4,2,0,1,0,1
vincent-worms,2012,0,0,2,0,4,2,0,1,0,1
vincent-worms,2013,0,0,2,0,4,2,0,1,0,1
vincent-worms,2011,0,0,2,0,4,2,0,1,0,1
cristopher-schaepe,2014,0,0,1,1,21,1,0,1,0,1
cristopher-schaepe,2012,0,0,1,1,21,1,0,1,0,1
cristopher-schaepe,2013,0,0,1,1,21,1,0,1,0,1
cristopher-schaepe,2011,0,0,1,1,21,1,0,1,0,1
peter-nieh,2013,0,0,1,1,8,1,0,1,1,0
peter-nieh,2014,0,0,1,1,8,1,0,1,1,0
peter-nieh,2011,0,0,1,1,8,1,0,1,1,0
peter-nieh,2012,0,0,1,1,8,1,0,1,1,0
ravi-mhatre,2012,0,0,1,1,25,1,3,1,1,0
ravi-mhatre,2013,0,0,1,1,25,1,3,1,1,0
ravi-mhatre,2014,0,0,1,1,25,1,3,1,1,0
ravi-mhatre,2011,0,0,1,1,25,1,1,1,1,0
eric-alterman,2014,3.799476,3799476,5,1,6,6,0,0,0,0
eric-alterman,2012,8.5,8500000,5,1,6,6,0,0,0,0
eric-alterman,2013,0,0,5,1,6,6,0,0,0,0
eric-alterman,2011,12.427926,12427926,5,1,6,6,0,0,0,0
don-valentine,2013,0,0,1,1,7,1,0,0,0,0
don-valentine,2014,0,0,1,1,7,1,0,0,0,0
don-valentine,2012,0,0,1,1,7,1,0,0,0,0
don-valentine,2011,0,0,1,1,7,1,0,0,0,0
uday-walia,2014,0,0,1,0,1,1,0,0,0,0
uday-walia,2012,0,0,1,0,1,1,0,0,0,0
uday-walia,2013,0,0,1,0,1,1,0,0,0,0
uday-walia,2011,0,0,1,0,1,1,0,0,0,0
eric-wilhelm,2013,0,0,1,1,2,1,0,0,0,0
eric-wilhelm,2014,0,0,1,1,2,1,0,0,0,0
eric-wilhelm,2011,0,0,1,1,2,1,0,0,0,0
eric-wilhelm,2012,0,0,1,1,2,1,0,0,0,0
ole-brandenburg,2014,0,0,2,0,6,2,0,0,0,0
ole-brandenburg,2013,0,0,2,0,6,2,0,0,0,0
ole-brandenburg,2012,0,0,2,0,6,2,0,0,0,0
ole-brandenburg,2011,0,0,2,0,6,2,0,0,0,0
omar-al-zabir,2013,0,0,1,0,3,1,0,1,0,1
omar-al-zabir,2014,0,0,1,0,3,1,0,1,0,1
omar-al-zabir,2011,0,0,1,0,3,1,0,1,0,1
omar-al-zabir,2012,0,0,1,0,3,1,0,1,0,1
ted-rheingold,2014,0,0,2,1,11,2,28,0,0,0
ted-rheingold,2012,0,0,2,1,11,2,15,0,0,0
ted-rheingold,2013,0,0,2,1,11,2,22,0,0,0
ted-rheingold,2011,0,0,2,1,11,2,0,0,0,0
barbara-mahon,2014,0,0,1,0,1,1,0,0,0,0
barbara-mahon,2012,0,0,1,0,1,1,0,0,0,0
barbara-mahon,2013,0,0,1,0,1,1,0,0,0,0
barbara-mahon,2011,0,0,1,0,1,1,0,0,0,0
anja-keckeisen,2014,0,0,1,0,1,1,0,0,0,0
anja-keckeisen,2012,0,0,1,0,1,1,0,0,0,0
anja-keckeisen,2013,0,0,1,0,1,1,0,0,0,0
anja-keckeisen,2011,0,0,1,0,1,1,0,0,0,0
fabien-bourdier,2013,0,0,1,0,1,1,0,0,0,0
fabien-bourdier,2014,0,0,1,0,1,1,0,0,0,0
fabien-bourdier,2011,0,0,1,0,1,1,0,0,0,0
fabien-bourdier,2012,0,0,1,0,1,1,0,0,0,0
marc-pfohl,2014,0,0,1,0,1,1,0,0,0,0
marc-pfohl,2012,0,0,1,0,1,1,0,0,0,0
marc-pfohl,2013,0,0,1,0,1,1,0,0,0,0
marc-pfohl,2011,0,0,1,0,1,1,0,0,0,0
mark-ruff,2014,0,0,1,0,1,1,0,0,0,0
mark-ruff,2012,0,0,1,0,1,1,0,0,0,0
mark-ruff,2013,0,0,1,0,1,1,0,0,0,0
mark-ruff,2011,0,0,1,0,1,1,0,0,0,0
david-marquardt,2013,0,0,2,1,10,2,0,1,0,0
david-marquardt,2014,0,0,2,1,10,2,0,1,0,0
david-marquardt,2011,0,0,2,1,10,2,0,1,0,0
david-marquardt,2012,0,0,2,1,10,2,0,1,0,0
siva-kumar,2014,0,0,1,1,8,1,0,0,0,1
siva-kumar,2012,0,0,1,1,8,1,0,0,0,1
siva-kumar,2013,0,0,1,1,8,1,0,0,0,1
siva-kumar,2011,0,0,1,1,8,1,0,0,0,1
matt-shobe,2014,0,0,2,1,8,2,6,1,1,1
matt-shobe,2012,0,0,2,1,8,2,6,1,1,1
matt-shobe,2013,0,0,2,1,8,2,6,1,1,1
matt-shobe,2011,0,0,2,1,8,2,5,1,1,1
steve-olechowski,2013,0,0,4,1,5,4,10,1,1,0
steve-olechowski,2014,0.9,900000,4,1,5,4,15,1,1,0
steve-olechowski,2011,0,0,3,1,5,4,3,1,1,0
steve-olechowski,2012,0,0,3,1,5,4,6,1,1,0
eric-lunt,2012,0,0,2,1,5,2,0,1,0,0
eric-lunt,2013,0,0,2,1,5,2,0,1,0,0
eric-lunt,2014,0,0,2,1,5,2,0,1,0,0
eric-lunt,2011,0,0,2,1,5,2,0,1,0,0
dan-levitan,2014,0,0,1,1,7,1,0,0,0,0
dan-levitan,2012,0,0,1,1,7,1,0,0,0,0
dan-levitan,2013,0,0,1,1,7,1,0,0,0,0
dan-levitan,2011,0,0,1,1,7,1,0,0,0,0
howard-schultz,2013,0,0,1,1,4,1,0,0,0,0
howard-schultz,2014,0,0,1,1,4,1,1,0,0,0
howard-schultz,2011,0,0,1,1,4,1,0,0,0,0
howard-schultz,2012,0,0,1,1,4,1,0,0,0,0
peter-buhl,2013,0,0,1,1,11,1,0,0,0,0
peter-buhl,2014,0,0,1,1,11,1,0,0,0,0
peter-buhl,2011,0,0,0,1,11,1,0,0,0,0
peter-buhl,2012,0,0,0,1,11,1,0,0,0,0
john-zdanowski,2014,1.7,1700000,4,1,19,4,0,1,0,0
john-zdanowski,2012,0.15,150000,3,1,19,4,0,1,0,0
john-zdanowski,2013,1,1000000,4,1,19,4,0,1,0,0
john-zdanowski,2011,4.5,4500000,3,1,19,4,0,1,0,0
ginsu-yoon,2013,0,0,1,0,4,1,0,0,0,0
ginsu-yoon,2014,0,0,1,0,4,1,0,0,0,0
ginsu-yoon,2011,0,0,1,0,4,1,0,0,0,0
ginsu-yoon,2012,0,0,1,0,4,1,0,0,0,0
joe-miller,2013,0,0,1,0,10,1,0,0,0,0
joe-miller,2014,0,0,1,0,10,1,0,0,0,0
joe-miller,2011,0,0,1,0,10,1,0,0,0,0
joe-miller,2012,0,0,1,0,10,1,0,0,0,0
josh-herst,2014,0,0,1,0,1,1,0,0,0,0
josh-herst,2012,0,0,1,0,1,1,0,0,0,0
josh-herst,2013,0,0,1,0,1,1,0,0,0,0
josh-herst,2011,0,0,1,0,1,1,0,0,0,0
jed-smith,2013,0,0,2,1,14,2,0,0,0,0
jed-smith,2014,0,0,2,1,14,2,0,0,0,0
jed-smith,2011,0,0,2,1,14,2,0,0,0,0
jed-smith,2012,0,0,2,1,14,2,0,0,0,0
philip-rosedale,2013,3.95,3950000,3,1,7,3,3,0,0,0
philip-rosedale,2014,2.5,2500000,3,1,7,3,3,0,0,0
philip-rosedale,2011,0,0,2,1,7,3,1,0,0,0
philip-rosedale,2012,0,0,2,1,7,3,3,0,0,0
matthew-sanchez,2014,0,0,1,1,2,1,0,1,0,0
matthew-sanchez,2012,27,27000000,1,1,2,1,0,1,0,0
matthew-sanchez,2013,0,0,1,1,2,1,0,1,0,0
matthew-sanchez,2011,0,0,1,1,2,1,0,1,0,0
david-lerman,2013,0,0,1,0,1,1,0,1,0,0
david-lerman,2014,0,0,1,0,1,1,0,1,0,0
david-lerman,2011,0,0,1,0,1,1,0,1,0,0
david-lerman,2012,27,27000000,1,0,1,1,0,1,0,0
tony-stubblebine,2013,0,0,3,0,8,3,0,1,0,0
tony-stubblebine,2014,0,0,3,0,8,3,0,1,0,0
tony-stubblebine,2011,0,0,3,0,8,3,0,1,0,0
tony-stubblebine,2012,2.5,2500000,3,0,8,3,0,1,0,0
colin-quon,2011,0,0,2,0,7,3,0,1,0,0
colin-quon,2012,0,0,2,0,7,3,0,1,0,0
colin-quon,2013,0,0,2,0,7,3,0,1,0,0
colin-quon,2014,0,0,2,0,7,3,0,1,0,0
jeff-laporte,2011,0,0,1,0,2,2,0,0,0,0
jeff-laporte,2012,0,0,1,0,2,2,0,0,0,0
jeff-laporte,2013,0,0,1,0,2,2,0,0,0,0
jeff-laporte,2014,0,0,1,0,2,2,0,0,0,0
elliott-breece,2011,2,2000000,1,0,2,1,0,0,0,0
elliott-breece,2012,0,0,1,0,2,1,0,0,0,0
elliott-breece,2013,4.7,4700000,1,0,2,1,0,0,0,0
elliott-breece,2014,0,0,1,0,2,1,0,0,0,0
elias-roman,2011,2,2000000,1,1,5,1,0,0,1,0
elias-roman,2012,0,0,1,1,5,1,0,0,1,0
elias-roman,2013,4.7,4700000,1,1,5,1,0,0,1,0
elias-roman,2014,0,0,1,1,5,1,0,0,1,0
joshua-boltuch,2011,0,0,1,0,2,1,0,0,0,0
joshua-boltuch,2012,0,0,1,0,2,1,0,0,0,0
joshua-boltuch,2013,0,0,1,0,2,1,0,0,0,0
joshua-boltuch,2014,0,0,1,0,2,1,0,0,0,0
anthony-batt,2011,0,0,3,1,8,7,0,0,0,0
anthony-batt,2012,0,0,3,1,8,7,0,0,0,0
anthony-batt,2013,15,15000000,3,1,8,7,0,0,0,0
anthony-batt,2014,17.5,17500000,3,1,8,7,0,0,0,0
tyler-goldman,2011,0,0,1,0,6,1,0,0,1,0
tyler-goldman,2012,0,0,1,0,6,1,0,0,1,0
tyler-goldman,2013,0,0,1,0,6,1,0,0,1,0
tyler-goldman,2014,0,0,1,0,6,1,0,0,1,0
adam-mckay,2011,0,0,1,0,1,2,0,0,0,0
adam-mckay,2012,0,0,1,0,1,2,0,0,0,0
adam-mckay,2013,0,0,1,0,1,2,0,0,0,0
adam-mckay,2014,0,0,1,0,1,2,0,0,0,0
will-ferrell,2011,0,0,1,0,2,2,0,0,0,0
will-ferrell,2012,0,0,1,0,2,2,0,0,0,0
will-ferrell,2013,0,0,1,0,2,2,0,0,0,0
will-ferrell,2014,0,0,1,0,2,2,0,0,0,0
martin-remy,2011,0,0,1,0,3,1,0,1,0,1
martin-remy,2012,0,0,1,0,3,1,0,1,0,1
martin-remy,2013,0,0,1,0,3,1,0,1,0,1
martin-remy,2014,0,0,1,0,3,1,0,1,0,1
steve-nieker,2011,0,0,2,0,4,2,0,0,0,0
steve-nieker,2012,0,0,2,0,4,2,0,0,0,0
steve-nieker,2013,0,0,2,0,4,2,0,0,0,0
steve-nieker,2014,0,0,2,0,4,2,0,0,0,0
scott-kurnit,2011,35,35000000,0,1,19,2,21,0,0,0
scott-kurnit,2012,0,0,3,1,19,2,21,0,0,0
scott-kurnit,2013,0,0,3,1,19,2,28,0,0,0
scott-kurnit,2014,0,0,3,1,19,3,36,0,0,0
michael-raneri,2011,0,0,0,0,4,1,0,0,1,0
michael-raneri,2012,0,0,0,0,4,1,0,0,1,0
michael-raneri,2013,0,0,1,0,4,1,0,0,1,0
michael-raneri,2014,0,0,1,0,4,1,0,0,1,0
ryan-allis,2011,0,0,2,0,3,9,1,0,1,0
ryan-allis,2013,0,0,3,0,3,9,10,0,1,0
ryan-allis,2012,2.4,2400000,3,0,3,9,7,0,1,0
ryan-allis,2014,13.5,13500000,3,0,3,9,15,0,1,0
aaron-houghton,2011,0,0,1,1,2,5,0,0,0,0
aaron-houghton,2012,0,0,1,1,2,5,0,0,0,0
aaron-houghton,2013,0,0,1,1,2,5,0,0,0,0
aaron-houghton,2014,0,0,1,1,2,5,0,0,0,0
suranga-chandratillake,2011,0,0,1,1,6,1,0,1,0,0
suranga-chandratillake,2012,0,0,1,1,6,1,0,1,0,0
suranga-chandratillake,2013,0,0,1,1,6,1,0,1,0,0
suranga-chandratillake,2014,0,0,1,1,6,1,1,1,0,0
jeremie-berrebi,2011,0,0,2,1,9,2,0,0,0,0
jeremie-berrebi,2012,0,0,2,1,9,2,7,0,0,0
jeremie-berrebi,2013,0,0,2,1,9,2,33,0,0,0
jeremie-berrebi,2014,0,0,2,1,9,2,36,0,0,0
jeremy-stoppelman,2011,0,0,1,1,4,1,0,0,0,0
jeremy-stoppelman,2012,0,0,1,1,4,1,0,0,0,0
jeremy-stoppelman,2013,0,0,1,1,4,1,10,0,0,0
jeremy-stoppelman,2014,0,0,1,1,4,1,36,0,0,0
jyri-engestrom,2011,0,0,3,1,15,3,3,0,1,1
jyri-engestrom,2012,0,0,3,1,15,3,3,0,1,1
jyri-engestrom,2013,0,0,3,1,15,3,6,0,1,1
jyri-engestrom,2014,0,0,3,1,15,3,6,0,1,1
petteri-koponen,2011,0,0,1,1,17,1,0,0,0,0
petteri-koponen,2012,0,0,1,1,17,1,0,0,0,0
petteri-koponen,2013,0,0,1,1,17,1,0,0,0,0
petteri-koponen,2014,0,0,1,1,17,1,0,0,0,0
sam-rogoway,2011,0,0,1,0,2,2,0,0,0,0
sam-rogoway,2012,0,0,1,0,2,2,0,0,0,0
sam-rogoway,2013,0,0,2,0,2,2,0,0,0,0
sam-rogoway,2014,0,0,2,0,2,2,0,0,0,0
kristopher-tate,2011,0,0,1,0,1,1,0,0,0,0
kristopher-tate,2012,0,0,1,0,1,1,0,0,0,0
kristopher-tate,2013,0,0,1,0,1,1,0,0,0,0
kristopher-tate,2014,0,0,1,0,1,1,0,0,0,0
jay-bartot,2011,1.8,1800000,4,0,13,5,0,1,0,0
jay-bartot,2012,0,0,4,0,13,5,0,1,0,0
jay-bartot,2013,0,0,4,0,13,5,0,1,0,0
jay-bartot,2014,0,0,4,0,13,5,0,1,0,0
erik-blachford,2011,0,0,0,1,12,1,0,0,1,0
erik-blachford,2012,0.552,552000,1,1,12,1,0,0,1,0
erik-blachford,2013,0,0,1,1,12,1,10,0,1,0
erik-blachford,2014,0,0,1,1,12,1,36,0,1,0
oren-etzioni,2011,6,6000000,3,1,7,4,0,1,0,1
oren-etzioni,2012,0,0,3,1,7,4,0,1,0,1
oren-etzioni,2013,8,8000000,3,1,7,4,0,1,0,1
oren-etzioni,2014,0,0,3,1,7,4,1,1,0,1
brad-gerstner,2011,10.5,10500000,4,1,21,4,1,0,1,0
brad-gerstner,2012,0,0,4,1,21,4,3,0,1,0
brad-gerstner,2013,30.3,30300000,4,1,21,4,6,0,1,0
brad-gerstner,2014,0,0,4,1,21,4,6,0,1,0
cameron-yuill,2011,0,0,2,1,3,2,0,0,0,0
cameron-yuill,2012,0,0,2,1,3,2,0,0,0,0
cameron-yuill,2013,0,0,2,1,3,2,0,0,0,0
cameron-yuill,2014,0,0,2,1,3,2,0,0,0,0
anne-taylor-hartzell,2011,0,0,1,0,3,1,0,0,0,0
anne-taylor-hartzell,2012,0,0,1,0,3,1,0,0,0,0
anne-taylor-hartzell,2013,0,0,1,0,3,1,0,0,0,0
anne-taylor-hartzell,2014,0,0,1,0,3,1,0,0,0,0
lance-tokuda,2011,0,0,1,0,3,3,0,1,0,1
lance-tokuda,2012,9.715336,9715336,1,0,3,3,0,1,0,1
lance-tokuda,2013,0,0,3,0,3,3,0,1,0,1
lance-tokuda,2014,13.26,13260000,3,0,3,3,0,1,0,1
stefan-glaenzer,2011,0,0,2,1,9,2,6,0,0,0
stefan-glaenzer,2012,0,0,2,1,9,2,10,0,0,0
stefan-glaenzer,2013,0,0,2,1,9,2,22,0,0,0
stefan-glaenzer,2014,0,0,2,1,9,2,36,0,0,0
martin-stiksel,2011,0,0,1,0,2,3,0,0,0,0
martin-stiksel,2012,0,0,1,0,2,3,0,0,0,0
martin-stiksel,2013,0,0,1,0,2,3,0,0,0,0
martin-stiksel,2014,0,0,1,0,2,3,0,0,0,0
felix-miller,2011,0,0,1,0,2,3,1,0,0,0
felix-miller,2012,0,0,1,0,2,3,1,0,0,0
felix-miller,2013,0,0,1,0,2,3,1,0,0,0
felix-miller,2014,0,0,1,0,2,3,1,0,0,0
richard-jones,2011,0.585,585000,2,0,3,4,0,0,0,0
richard-jones,2012,0,0,2,0,3,4,0,0,0,0
richard-jones,2013,0,0,2,0,3,4,0,0,0,0
richard-jones,2014,0,0,2,0,3,4,0,0,0,0
steve-anderson,2011,0,0,2,1,18,2,15,0,1,0
steve-anderson,2012,0,0,2,1,18,2,15,0,1,0
steve-anderson,2013,0,0,2,1,18,2,15,0,1,0
steve-anderson,2014,0,0,2,1,18,2,28,0,1,0
todd-cohen,2011,0,0,3,0,3,3,0,0,1,0
todd-cohen,2012,0,0,3,0,3,3,0,0,1,0
todd-cohen,2013,0,0,3,0,3,3,0,0,1,0
todd-cohen,2014,0,0,3,0,3,3,0,0,1,0
dan-cohen,2011,0,0,3,1,12,3,0,1,0,0
dan-cohen,2012,0,0,3,1,12,3,0,1,0,0
dan-cohen,2013,0,0,3,1,12,3,0,1,0,0
dan-cohen,2014,0,0,3,1,12,3,0,1,0,0
christoph-janz,2011,0,0,3,1,7,3,31,0,0,0
christoph-janz,2012,0,0,3,1,7,3,36,0,0,0
christoph-janz,2013,0,0,3,1,7,3,36,0,0,0
christoph-janz,2014,0,0,3,1,7,3,36,0,0,0
ronen-shilo,2012,100,100000000,5,0,6,7,0,1,0,0
ronen-shilo,2013,0,0,5,0,6,7,0,1,0,0
ronen-shilo,2011,0,0,5,0,6,7,0,1,0,0
jeff-flowers,2013,0,0,2,0,6,2,0,1,1,0
jeff-flowers,2014,0,0,2,0,6,2,0,1,1,0
jeff-flowers,2011,0,0,2,0,6,2,0,1,1,0
jeff-flowers,2012,0,0,2,0,6,2,0,1,1,0
david-friend,2014,0,0,4,0,10,4,0,1,0,0
david-friend,2012,0,0,4,0,10,4,0,1,0,0
david-friend,2013,0,0,4,0,10,4,0,1,0,0
david-friend,2011,0,0,4,0,10,4,0,1,0,0
karen-appleton,2014,0,0,1,1,6,1,0,0,1,1
karen-appleton,2012,0,0,1,1,6,1,0,0,1,1
karen-appleton,2013,0,0,1,1,6,1,0,0,1,1
karen-appleton,2011,0,0,0,1,6,1,0,0,1,1
aaron-dunn,2013,0,0,1,0,5,1,0,0,0,0
aaron-dunn,2014,0,0,1,0,5,1,0,0,0,0
aaron-dunn,2011,0,0,1,0,5,1,0,0,0,0
aaron-dunn,2012,0,0,1,0,5,1,0,0,0,0
alex-scialom,2012,0,0,1,0,3,1,0,0,0,0
alex-scialom,2013,0,0,1,0,3,1,0,0,0,0
alex-scialom,2014,0,0,1,0,3,1,0,0,0,0
alex-scialom,2011,0,0,1,0,3,1,0,0,0,0
dylan-smith,2014,150,150000000,1,0,1,2,6,0,1,0
dylan-smith,2012,125,125000000,1,0,1,2,3,0,1,0
dylan-smith,2013,125,125000000,1,0,1,2,6,0,1,0
dylan-smith,2011,129,129000000,1,0,1,2,0,0,1,0
aaron-levie,2013,125,125000000,1,1,3,2,7,0,1,0
aaron-levie,2014,150,150000000,1,1,3,2,36,0,1,0
aaron-levie,2011,129,129000000,1,1,3,2,0,0,1,0
aaron-levie,2012,125,125000000,1,1,3,2,0,0,1,0
russell-holt,2013,0,0,1,0,1,1,0,0,0,0
russell-holt,2014,0,0,1,0,1,1,0,0,0,0
russell-holt,2011,0,0,1,0,1,1,0,0,0,0
russell-holt,2012,0,0,1,0,1,1,0,0,0,0
sunny-balijepalli,2014,0,0,1,0,1,1,0,0,0,0
sunny-balijepalli,2012,0,0,1,0,1,1,0,0,0,0
sunny-balijepalli,2013,0,0,1,0,1,1,0,0,0,0
sunny-balijepalli,2011,0,0,1,0,1,1,0,0,0,0
lucinda-holt,2013,0.375,375000,2,0,3,2,0,0,0,0
lucinda-holt,2014,0,0,2,0,3,2,0,0,0,0
lucinda-holt,2011,0,0,1,0,3,2,0,0,0,0
lucinda-holt,2012,0,0,2,0,3,2,0,0,0,0
marc-bodnick,2013,0,0,1,0,6,1,1,0,0,0
marc-bodnick,2014,0,0,1,0,6,1,1,0,0,0
marc-bodnick,2011,0,0,1,0,6,1,0,0,0,0
marc-bodnick,2012,0,0,1,0,6,1,0,0,0,0
nat-brown,2014,0,0,1,0,5,1,1,1,0,0
nat-brown,2012,0,0,1,0,5,1,0,1,0,0
nat-brown,2013,0,0,1,0,5,1,0,1,0,0
nat-brown,2011,0,0,1,0,5,1,0,1,0,0
hadi-partovi,2013,0,0,1,1,13,1,15,1,0,1
hadi-partovi,2014,2.8,2800000,1,1,13,1,36,1,0,1
hadi-partovi,2011,0,0,1,1,13,1,8,1,0,1
hadi-partovi,2012,0,0,1,1,13,1,11,1,0,1
ali-partovi,2013,0,0,3,1,14,5,15,1,0,1
ali-partovi,2014,2.8,2800000,3,1,14,5,36,1,0,1
ali-partovi,2011,0,0,2,1,14,5,5,1,0,1
ali-partovi,2012,0,0,3,1,14,5,11,1,0,1
dean-stephens,2014,7.5,7500000,1,0,1,6,0,0,0,0
dean-stephens,2012,0,0,1,0,1,6,0,0,0,0
dean-stephens,2013,0,0,1,0,1,6,0,0,0,0
dean-stephens,2011,0,0,1,0,1,6,0,0,0,0
travis-chow,2014,0,0,2,1,9,2,0,1,1,1
travis-chow,2011,0,0,2,1,9,2,0,1,1,1
travis-chow,2012,0,0,2,1,9,2,0,1,1,1
travis-chow,2013,0,0,2,1,9,2,0,1,1,1
kamran-munshi,2013,0,0,1,0,5,1,0,1,1,0
kamran-munshi,2014,0,0,1,0,5,1,0,1,1,0
kamran-munshi,2011,0,0,1,0,5,1,0,1,1,0
kamran-munshi,2012,0,0,1,0,5,1,0,1,1,0
mark-budos,2014,0,0,1,0,1,1,0,0,0,0
mark-budos,2012,0,0,1,0,1,1,0,0,0,0
mark-budos,2013,0,0,1,0,1,1,0,0,0,0
mark-budos,2011,0,0,1,0,1,1,0,0,0,0
lance-anderson,2013,0,0,1,0,1,1,0,0,0,0
lance-anderson,2014,0,0,1,0,1,1,0,0,0,0
lance-anderson,2011,0,0,1,0,1,1,0,0,0,0
lance-anderson,2012,0,0,1,0,1,1,0,0,0,0
calvin-tang,2014,0,0,1,0,1,1,0,0,0,0
calvin-tang,2012,0,0,1,0,1,1,0,0,0,0
calvin-tang,2013,0,0,1,0,1,1,0,0,0,0
calvin-tang,2011,0,0,1,0,1,1,0,0,0,0
louis-stilp,2014,0,0,1,0,1,1,0,0,0,0
louis-stilp,2013,0,0,1,0,1,1,0,0,0,0
louis-stilp,2012,0,0,1,0,1,1,0,0,0,0
louis-stilp,2011,0,0,1,0,1,1,0,0,0,0
pierre-gerard,2014,0,0,1,0,1,1,0,0,0,0
pierre-gerard,2012,0,0,1,0,1,1,0,0,0,0
pierre-gerard,2013,0,0,1,0,1,1,0,0,0,0
pierre-gerard,2011,0,0,1,0,1,1,0,0,0,0
sylvain-zimmer,2014,0,0,3,1,4,3,1,0,0,0
gabe-rivera,2013,0,0,1,0,2,1,0,0,0,0
gabe-rivera,2011,0,0,1,0,2,1,0,0,0,0
gabe-rivera,2012,0,0,1,0,2,1,0,0,0,0
craig-donato,2013,0,0,1,0,3,1,0,1,1,0
craig-donato,2014,0,0,1,0,3,1,0,1,1,0
craig-donato,2011,0,0,1,0,3,1,0,1,1,0
craig-donato,2012,0,0,1,0,3,1,0,1,1,0
paul-o-brien,2013,0,0,3,0,15,5,0,0,1,0
paul-o-brien,2014,0,0,3,0,15,5,0,0,1,0
paul-o-brien,2011,0,0,3,0,15,5,0,0,1,0
paul-o-brien,2012,0,0,3,0,15,5,0,0,1,0
sean-varah,2014,1.792817,1792817,1,0,1,4,0,0,0,0
sean-varah,2012,0,0,1,0,1,4,0,0,0,0
sean-varah,2013,0,0,1,0,1,4,0,0,0,0
sean-varah,2011,0,0,1,0,1,4,0,0,0,0
tyler-kovacs,2013,0,0,1,0,1,2,0,0,0,0
tyler-kovacs,2014,0,0,1,0,1,2,0,0,0,0
tyler-kovacs,2011,24,24000000,1,0,1,2,0,0,0,0
tyler-kovacs,2012,0,0,1,0,1,2,0,0,0,0
ethan-stock,2013,0,0,1,0,3,2,0,0,0,0
ethan-stock,2014,0,0,1,0,3,2,0,0,0,0
ethan-stock,2011,24,24000000,1,0,3,2,0,0,0,0
ethan-stock,2012,0,0,1,0,3,2,0,0,0,0
charles-seilheimer,2014,0,0,1,0,1,1,0,0,0,0
charles-seilheimer,2012,0,0,1,0,1,1,0,0,0,0
charles-seilheimer,2013,0,0,1,0,1,1,0,0,0,0
charles-seilheimer,2011,1.5,1500000,1,0,1,1,0,0,0,0
adam-healey,2014,0,0,1,0,1,1,0,0,0,0
adam-healey,2013,0,0,1,0,1,1,0,0,0,0
adam-healey,2011,1.5,1500000,1,0,1,1,0,0,0,0
adam-healey,2012,0,0,1,0,1,1,0,0,0,0
nicolas-dengler,2013,0,0,2,0,2,3,0,0,0,0
nicolas-dengler,2014,0,0,2,0,2,3,0,0,0,0
nicolas-dengler,2011,0,0,2,0,2,3,0,0,0,0
nicolas-dengler,2012,0,0,2,0,2,3,0,0,0,0
eyal-shahar,2014,0,0,3,1,5,3,0,0,0,0
eyal-shahar,2012,0,0,3,1,5,3,0,0,0,0
eyal-shahar,2013,0,0,3,1,5,3,0,0,0,0
eyal-shahar,2011,0,0,2,1,5,3,0,0,0,0
orli-yakuel,2014,0,0,1,0,1,1,0,0,0,0
orli-yakuel,2011,0,0,1,0,1,1,0,0,0,0
orli-yakuel,2012,0,0,1,0,1,1,0,0,0,0
orli-yakuel,2013,0,0,1,0,1,1,0,0,0,0
david-beach,2013,0,0,1,0,4,2,0,0,0,0
david-beach,2014,0,0,1,0,4,2,0,0,0,0
david-beach,2011,0,0,1,0,4,2,0,0,0,0
david-beach,2012,0,0,1,0,4,2,0,0,0,0
marc-singer,2014,0,0,1,1,5,1,0,0,0,0
marc-singer,2012,0,0,1,1,5,1,0,0,0,0
marc-singer,2013,0,0,1,1,5,1,0,0,0,0
marc-singer,2011,0,0,1,1,5,1,0,0,0,0
om-malik,2014,8,8000000,1,1,7,3,3,0,0,0
om-malik,2012,0,0,1,1,7,3,1,0,0,0
om-malik,2013,0,0,1,1,7,3,1,0,0,0
om-malik,2011,6,6000000,1,1,7,3,1,0,0,0
david-waxman,2013,0,0,3,1,9,3,0,0,0,0
david-waxman,2014,0,0,3,1,9,3,0,0,0,0
david-waxman,2011,0,0,3,1,9,3,0,0,0,0
david-waxman,2012,0,0,3,1,9,3,0,0,0,0
nick-grouf,2014,13.5,13500000,4,1,8,4,1,0,1,0
nick-grouf,2012,0,0,3,1,8,4,0,0,1,0
nick-grouf,2013,0,0,4,1,8,4,1,0,1,0
nick-grouf,2011,0,0,3,1,8,4,0,0,1,0
keith-teare,2014,0.075,75000,6,1,10,15,0,0,0,0
keith-teare,2012,1.5,1500000,5,1,10,14,0,0,0,0
keith-teare,2013,0,0,5,1,10,14,0,0,0,0
keith-teare,2011,2.75,2750000,5,1,10,14,0,0,0,0
chetan-pungaliya,2013,0,0,3,0,3,3,0,0,0,0
chetan-pungaliya,2014,0,0,3,0,3,3,0,0,0,0
chetan-pungaliya,2011,3.5,3500000,3,0,3,3,0,0,0,0
chetan-pungaliya,2012,12.7,12700000,3,0,3,3,0,0,0,0
keiron-mccammon,2012,2.35,2350000,2,0,2,2,0,1,0,0
keiron-mccammon,2013,0,0,2,0,2,2,0,1,0,0
keiron-mccammon,2014,0,0,2,0,2,2,0,1,0,0
keiron-mccammon,2011,0,0,2,0,2,2,0,1,0,0
manish-chandra,2014,0,0,2,1,3,2,1,0,0,0
manish-chandra,2012,12.5,12500000,2,1,3,2,1,0,0,0
manish-chandra,2013,0,0,2,1,3,2,1,0,0,0
manish-chandra,2011,3.5,3500000,2,1,3,2,0,0,0,0
gaby-bilczyk,2013,0,0,1,0,1,3,0,1,0,0
gaby-bilczyk,2014,0,0,1,0,1,3,0,1,0,0
gaby-bilczyk,2011,0,0,1,0,1,3,0,1,0,0
gaby-bilczyk,2012,100,100000000,1,0,1,3,0,1,0,0
dror-erez,2013,0,0,1,0,1,3,0,1,0,0
dror-erez,2014,0,0,1,0,1,3,0,1,0,0
dror-erez,2011,0,0,1,0,1,3,0,1,0,0
dror-erez,2012,100,100000000,1,0,1,3,0,1,0,0
reena-jadhav,2014,0,0,1,0,2,1,0,0,0,0
reena-jadhav,2012,0,0,1,0,2,1,0,0,0,0
reena-jadhav,2013,0,0,1,0,2,1,0,0,0,0
reena-jadhav,2011,0,0,1,0,2,1,0,0,0,0
ronen-shilo,2014,0,0,5,0,6,7,0,1,0,0
john-vars,2011,0,0,1,0,7,1,0,0,0,0
john-vars,2012,0,0,1,0,7,1,0,0,0,0
john-vars,2013,0,0,1,0,7,1,0,0,0,0
john-vars,2014,0,0,1,0,7,1,0,0,0,0
steven-reading,2011,0,0,1,0,7,1,0,0,0,0
steven-reading,2012,0,0,1,0,7,1,0,0,0,0
steven-reading,2013,0,0,1,0,7,1,0,0,0,0
steven-reading,2014,0,0,1,0,7,1,0,0,0,0
scott-rafer,2011,11,11000000,4,1,11,8,0,0,0,0
scott-rafer,2012,10.8,10800000,4,1,11,8,0,0,0,0
scott-rafer,2013,0,0,4,1,11,8,0,0,0,0
scott-rafer,2014,0,0,4,1,11,8,0,0,0,0
tim-westergren,2011,0,0,1,0,1,5,0,0,0,0
tim-westergren,2012,0,0,1,0,1,5,0,0,0,0
tim-westergren,2013,0,0,1,0,1,5,0,0,0,0
tim-westergren,2014,0,0,1,0,1,5,0,0,0,0
richard-moross,2011,0,0,1,1,6,6,0,0,0,0
richard-moross,2012,0,0,1,1,6,6,0,0,0,0
richard-moross,2013,0,0,1,1,6,6,0,0,0,0
richard-moross,2014,0,0,1,1,6,6,0,0,0,0
robert-beaver,2011,0,0,1,0,1,1,0,0,0,0
robert-beaver,2012,0,0,1,0,1,1,0,0,0,0
robert-beaver,2013,0,0,1,0,1,1,0,0,0,0
robert-beaver,2014,0,0,1,0,1,1,0,0,0,0
fred-durham,2011,0,0,1,1,2,1,0,0,0,0
fred-durham,2012,0,0,1,1,2,1,0,0,0,0
fred-durham,2013,0,0,1,1,2,1,0,0,0,0
fred-durham,2014,0,0,1,1,2,1,0,0,0,0
maheesh-jain,2011,0,0,1,0,1,1,0,0,0,0
maheesh-jain,2012,0,0,1,0,1,1,0,0,0,0
maheesh-jain,2013,0,0,1,0,1,1,0,0,0,0
maheesh-jain,2014,0,0,1,0,1,1,0,0,0,0
abdul-popal,2011,0,0,1,1,7,1,0,0,0,0
abdul-popal,2012,0,0,1,1,7,1,0,0,0,0
abdul-popal,2013,0,0,1,1,7,1,0,0,0,0
abdul-popal,2014,0,0,1,1,7,1,0,0,0,0
steve-blank,2011,0,0,3,1,12,3,6,0,0,0
steve-blank,2012,0,0,3,1,12,3,18,0,0,0
steve-blank,2013,0,0,3,1,12,3,25,0,0,0
steve-blank,2014,0,0,3,1,12,3,36,0,0,0
david-weekly,2011,0,0,2,1,9,2,1,1,0,0
david-weekly,2012,0,0,2,1,9,2,1,1,0,0
david-weekly,2013,3.908252,3908252,2,1,9,2,1,1,0,0
david-weekly,2014,2.235464,2235464,2,1,9,2,1,1,0,0
david-jackson,2011,0,0,1,0,2,2,0,0,0,1
david-jackson,2012,0,0,1,0,2,2,0,0,0,1
david-jackson,2013,0,0,1,0,2,2,0,0,0,1
david-jackson,2014,0,0,1,0,2,2,0,0,0,1
chris-yeh,2011,0,0,1,1,10,1,14,0,1,0
chris-yeh,2012,0,0,1,1,10,1,23,0,1,0
chris-yeh,2013,0,0,1,1,10,1,23,0,1,0
chris-yeh,2014,0,0,1,1,10,1,36,0,1,0
philip-kaplan,2011,0,0,7,1,16,8,1,0,0,0
philip-kaplan,2012,0,0,7,1,16,8,3,0,0,0
philip-kaplan,2013,0,0,8,1,16,8,18,0,0,0
philip-kaplan,2014,0,0,8,1,16,8,36,0,0,0
gidon-wise,2011,0,0,1,0,1,1,0,0,0,0
gidon-wise,2012,5.4,5400000,1,0,1,1,0,0,0,0
gidon-wise,2013,0,0,1,0,1,1,0,0,0,0
gidon-wise,2014,0,0,1,0,1,1,0,0,0,0
david-marks,2011,0,0,1,0,2,2,0,0,0,0
david-marks,2012,0,0,1,0,2,2,0,0,0,0
david-marks,2013,0,0,1,0,2,2,0,0,0,0
david-marks,2014,0,0,1,0,2,2,0,0,0,0
francis-kelly,2011,0,0,1,0,1,2,0,0,0,0
francis-kelly,2012,0,0,1,0,1,2,0,0,0,0
francis-kelly,2013,0,0,1,0,1,2,0,0,0,0
francis-kelly,2014,0,0,1,0,1,2,0,0,0,0
ken-fromm,2011,0,0,1,0,2,2,0,0,0,0
ken-fromm,2012,0,0,1,0,2,2,0,0,0,0
ken-fromm,2013,0,0,1,0,2,2,0,0,0,0
ken-fromm,2014,0,0,1,0,2,2,0,0,0,0
sandy-jen,2011,0,0,1,0,2,2,1,1,0,0
sandy-jen,2012,0,0,1,0,2,2,1,1,0,0
sandy-jen,2013,0,0,1,0,2,2,1,1,0,0
sandy-jen,2014,0,0,1,0,2,2,1,1,0,0
seth-sternberg,2011,0,0,1,1,4,2,0,0,0,0
seth-sternberg,2012,0,0,1,1,4,2,0,0,0,0
seth-sternberg,2013,0,0,1,1,4,2,0,0,0,0
seth-sternberg,2014,0,0,1,1,4,2,0,0,0,0
elaine-wherry,2011,0,0,1,1,3,2,1,0,0,0
elaine-wherry,2012,0,0,1,1,3,2,1,0,0,0
elaine-wherry,2013,0,0,1,1,3,2,1,0,0,0
elaine-wherry,2014,0,0,1,1,3,2,3,0,0,0
julia-hartz,2011,50,50000000,1,0,3,3,0,0,0,0
julia-hartz,2012,0,0,1,0,3,4,0,0,0,0
julia-hartz,2013,60,60000000,1,0,3,4,1,0,0,0
julia-hartz,2014,60,60000000,1,0,3,5,3,0,0,0
renaud-visage,2011,50,50000000,1,1,3,3,0,0,0,0
renaud-visage,2012,0,0,1,1,3,4,0,0,0,0
renaud-visage,2013,60,60000000,1,1,3,4,0,0,0,0
renaud-visage,2014,60,60000000,1,1,3,5,0,0,0,0
jean-luc-vaillant,2011,0,0,1,1,2,3,0,1,0,0
jean-luc-vaillant,2012,0,0,1,1,2,3,0,1,0,0
jean-luc-vaillant,2014,0,0,1,1,2,5,0,1,0,0
jean-luc-vaillant,2013,81.713488,81713488,1,1,2,3,0,1,0,0
allen-blue,2011,0,0,1,0,1,3,0,0,0,0
allen-blue,2012,0,0,1,0,1,3,0,0,0,0
allen-blue,2013,81.713488,81713488,1,0,1,3,0,0,0,0
allen-blue,2014,0,0,1,0,1,5,0,0,0,0
gill-cogan,2011,0,0,1,1,6,1,0,0,0,0
gill-cogan,2012,0,0,1,1,6,1,0,0,0,0
gill-cogan,2013,0,0,1,1,6,1,0,0,0,0
gill-cogan,2014,0,0,1,1,6,1,0,0,0,0
carl-showalter,2011,0,0,1,1,8,1,0,1,0,1
carl-showalter,2012,0,0,1,1,8,1,0,1,0,1
carl-showalter,2013,0,0,1,1,8,1,0,1,0,1
carl-showalter,2014,0,0,1,1,8,1,0,1,0,1
jay-bhatti,2011,0,0,2,1,4,2,0,1,1,0
jay-bhatti,2012,0,0,2,1,4,2,0,1,1,0
jay-bhatti,2013,2.921435,2921435,2,1,4,2,0,1,1,0
jay-bhatti,2014,12,12000000,2,1,4,2,0,1,1,0
jaideep-singh,2011,0,0,1,0,1,1,0,0,0,0
jaideep-singh,2012,0,0,1,0,1,1,0,0,0,0
jaideep-singh,2013,0,0,1,0,1,1,0,0,0,0
jaideep-singh,2014,0,0,1,0,1,1,0,0,0,0
rahul-prakash,2011,0,0,1,0,4,1,0,0,0,0
rahul-prakash,2012,0,0,1,0,4,1,0,0,0,0
rahul-prakash,2013,0,0,1,0,4,1,1,0,0,0
rahul-prakash,2014,0,0,1,0,4,1,1,0,0,0
david-shirazi,2011,0,0,1,0,1,1,0,0,0,0
david-shirazi,2012,0,0,1,0,1,1,0,0,0,0
david-shirazi,2013,0,0,1,0,1,1,0,0,0,0
david-shirazi,2014,0,0,1,0,1,1,0,0,0,0
david-mcintosh,2011,0,0,1,0,2,2,0,1,0,0
david-mcintosh,2012,1.960454,1960454,1,0,2,2,0,1,0,0
david-mcintosh,2013,0,0,1,0,2,2,0,1,0,0
david-mcintosh,2014,3.5,3500000,2,0,2,2,0,1,0,0
tyler-dikman,2011,0,0,1,1,6,1,0,0,1,0
tyler-dikman,2012,0,0,1,1,6,1,0,0,1,0
tyler-dikman,2013,0,0,1,1,6,1,0,0,1,0
tyler-dikman,2014,0,0,1,1,6,1,0,0,1,0
mark-pascarella,2011,0,0,1,0,3,1,0,0,1,0
mark-pascarella,2012,0,0,1,0,3,1,0,0,1,0
mark-pascarella,2013,0,0,1,0,3,1,0,0,1,0
mark-pascarella,2014,0,0,1,0,3,1,0,0,1,0
patrick-donovan,2012,0,0,1,0,4,1,0,0,0,0
patrick-donovan,2011,0,0,1,0,4,1,0,0,0,0
patrick-donovan,2013,10,10000000,1,0,4,1,0,0,0,0
patrick-donovan,2014,0,0,1,0,4,1,0,0,0,0
laurent-kratz,2011,0,0,1,0,1,1,0,0,0,0
laurent-kratz,2012,0,0,1,0,1,1,0,0,0,0
laurent-kratz,2013,0,0,1,0,1,1,0,0,0,0
laurent-kratz,2014,0,0,1,0,1,1,0,0,0,0
sylvain-zimmer,2011,0.134935,134935,2,1,4,3,0,0,0,0
sylvain-zimmer,2012,0,0,3,1,4,3,0,0,0,0
sylvain-zimmer,2013,0.675866,675866,3,1,4,3,1,0,0,0
mark-seremet,2011,0,0,1,0,1,1,0,0,0,0
mark-seremet,2012,0,0,1,0,1,1,0,0,0,0
david-thompson,2014,0,0,1,0,4,2,0,0,0,0
david-thompson,2012,0,0,1,0,4,2,0,0,0,0
david-thompson,2013,0,0,1,0,4,2,0,0,0,0
david-thompson,2011,0.327054,327054,1,0,4,2,0,0,0,0
aaron-cohen,2013,0,0,2,0,4,2,0,0,0,0
aaron-cohen,2014,0,0,2,0,4,2,0,0,0,0
aaron-cohen,2011,0,0,2,0,4,2,0,0,0,0
aaron-cohen,2012,0,0,2,0,4,2,0,0,0,0
jay-gould,2013,1.5,1500000,4,0,7,6,28,0,0,0
jay-gould,2014,4,4000000,4,0,7,6,28,0,0,0
jay-gould,2011,0,0,4,0,7,6,19,0,0,0
jay-gould,2012,1.5,1500000,4,0,7,6,23,0,0,0
deborah-farrington,2014,0,0,1,1,14,1,0,0,1,0
deborah-farrington,2012,0,0,1,1,14,1,0,0,1,0
deborah-farrington,2013,0,0,1,1,14,1,0,0,1,0
deborah-farrington,2011,0,0,1,1,14,1,0,0,1,0
steve-newcomb,2014,25,25000000,3,1,7,5,3,0,1,0
steve-newcomb,2013,4.11,4110000,3,1,7,5,3,0,1,0
steve-newcomb,2011,1.1,1100000,3,1,7,5,3,0,1,0
steve-newcomb,2012,0,0,3,1,7,5,3,0,1,0
touraj-parang,2013,0,0,1,1,8,2,0,0,1,0
touraj-parang,2014,0,0,1,1,8,2,0,0,1,0
touraj-parang,2011,0,0,1,1,8,2,0,0,1,0
touraj-parang,2012,0,0,1,1,8,2,0,0,1,0
phillip-mobin,2014,0,0,1,0,2,2,0,0,0,0
phillip-mobin,2012,0,0,1,0,2,2,0,0,0,0
phillip-mobin,2013,0,0,1,0,2,2,0,0,0,0
phillip-mobin,2011,0,0,1,0,2,2,0,0,0,0
konstantin-guericke,2014,0,0,1,1,8,5,0,1,0,1
konstantin-guericke,2011,0,0,1,1,8,3,0,1,0,1
konstantin-guericke,2012,0,0,1,1,8,3,0,1,0,1
konstantin-guericke,2013,81.713488,81713488,1,1,8,3,0,1,0,1
rony-kahan,2013,0,0,1,0,2,1,12,0,1,0
rony-kahan,2014,0,0,1,0,2,1,36,0,1,0
rony-kahan,2011,0,0,1,0,2,1,0,0,1,0
rony-kahan,2012,0,0,1,0,2,1,4,0,1,0
paul-forster,2014,0,0,1,0,1,1,1,0,0,0
paul-forster,2012,0,0,1,0,1,1,0,0,0,0
paul-forster,2013,0,0,1,0,1,1,0,0,0,0
paul-forster,2011,0,0,1,0,1,1,0,0,0,0
johann-schleier-smith,2014,0,0,2,1,3,2,0,0,0,0
johann-schleier-smith,2012,15,15000000,2,1,3,2,0,0,0,0
johann-schleier-smith,2013,0,0,2,1,3,2,0,0,0,0
johann-schleier-smith,2011,0,0,2,1,3,2,0,0,0,0
greg-tseng,2013,0,0,2,1,5,3,0,0,0,0
greg-tseng,2014,1.5,1500000,3,1,5,3,0,0,0,0
greg-tseng,2011,0,0,2,1,5,3,0,0,0,0
greg-tseng,2012,15,15000000,2,1,5,3,0,0,0,0
steven-lee,2014,0,0,1,0,2,1,0,0,0,0
steven-lee,2012,0,0,1,0,2,1,0,0,0,0
steven-lee,2013,0,0,1,0,2,1,0,0,0,0
steven-lee,2011,0,0,1,0,2,1,0,0,0,0
waikit-lau,2014,0,0,1,0,3,1,6,1,1,0
waikit-lau,2012,0,0,1,0,3,1,3,1,1,0
waikit-lau,2013,0,0,1,0,3,1,6,1,1,0
waikit-lau,2011,0,0,1,0,3,1,1,1,1,0
ramu-yalamanchi,2013,0,0,1,1,2,1,0,0,0,0
ramu-yalamanchi,2014,0,0,1,1,2,1,0,0,0,0
ramu-yalamanchi,2011,0,0,1,1,2,1,0,0,0,0
ramu-yalamanchi,2012,0,0,1,1,2,1,0,0,0,0
daniel-mattes,2012,28.845881,28845881,2,1,3,4,0,0,0,0
daniel-mattes,2013,0,0,2,1,3,4,0,0,0,0
daniel-mattes,2014,0,0,2,1,3,4,0,0,0,0
daniel-mattes,2011,6.5,6500000,2,1,3,4,0,0,0,0
roman-scharf,2014,10,10000000,2,1,4,3,1,0,0,0
roman-scharf,2012,0,0,2,1,4,3,1,0,0,0
roman-scharf,2013,0,0,2,1,4,3,1,0,0,0
roman-scharf,2011,13.1,13100000,2,1,4,3,1,0,0,0
jay-shaffer,2013,0,0,1,0,7,1,0,0,1,0
jay-shaffer,2014,0,0,1,0,7,1,0,0,1,0
jay-shaffer,2011,0,0,1,0,7,1,0,0,1,0
jay-shaffer,2012,0,0,1,0,7,1,0,0,1,0
bellinda-gallagher,2014,0,0,1,0,1,1,0,0,0,0
bellinda-gallagher,2012,0,0,1,0,1,1,0,0,0,0
bellinda-gallagher,2013,0,0,1,0,1,1,0,0,0,0
bellinda-gallagher,2011,0,0,1,0,1,1,0,0,0,0
ryan-gallagher,2013,0,0,2,0,4,2,0,0,0,0
ryan-gallagher,2014,0,0,2,0,4,2,0,0,0,0
ryan-gallagher,2011,0,0,2,0,4,2,0,0,0,0
ryan-gallagher,2012,0,0,2,0,4,2,0,0,0,0
boaz-goldschmid,2013,0,0,1,0,1,1,0,0,1,0
boaz-goldschmid,2014,0,0,1,0,1,1,0,0,1,0
boaz-goldschmid,2012,0,0,1,0,1,1,0,0,1,0
boaz-goldschmid,2011,0,0,1,0,1,1,0,0,1,0
paul-goodrich,2013,0,0,1,1,8,1,0,0,0,0
paul-goodrich,2014,0,0,1,1,8,1,0,0,0,0
paul-goodrich,2011,0,0,1,1,8,1,0,0,0,0
paul-goodrich,2012,0,0,1,1,8,1,0,0,0,0
gabe-rivera,2014,0,0,1,0,2,1,0,0,0,0
sam-decker,2013,0,0,2,1,13,2,1,0,1,0
sam-decker,2014,0,0,2,1,13,2,1,0,1,0
steven-ashby,2012,0,0,1,1,3,1,0,0,0,0
steven-ashby,2011,0,0,1,1,3,1,0,0,0,0
pankaj-malviya,2014,0,0,1,0,1,1,0,0,0,0
pankaj-malviya,2012,0,0,1,0,1,1,0,0,0,0
pankaj-malviya,2013,0,0,1,0,1,1,0,0,0,0
pankaj-malviya,2011,0,0,1,0,1,1,0,0,0,0
ram-ramkumar,2014,0,0,1,0,3,2,0,0,0,0
ram-ramkumar,2012,0,0,1,0,3,2,0,0,0,0
ram-ramkumar,2013,0,0,1,0,3,2,0,0,0,0
ram-ramkumar,2011,0,0,1,0,3,2,0,0,0,0
milan-parikh,2013,0,0,1,0,2,1,0,0,0,0
milan-parikh,2014,8.393798,8393798,1,0,2,1,0,0,0,0
milan-parikh,2011,0,0,1,0,2,1,0,0,0,0
milan-parikh,2012,0,0,1,0,2,1,0,0,0,0
gilles-blanrosa,2014,8.393798,8393798,1,0,3,1,0,0,1,0
gilles-blanrosa,2012,0,0,1,0,3,1,0,0,1,0
gilles-blanrosa,2013,0,0,1,0,3,1,0,0,1,0
gilles-blanrosa,2011,0,0,1,0,3,1,0,0,1,0
joe-dipasquale,2014,0,0,3,1,3,3,1,0,0,0
joe-dipasquale,2012,0,0,3,1,3,3,1,0,0,0
joe-dipasquale,2013,0,0,3,1,3,3,1,0,0,0
joe-dipasquale,2011,0,0,3,1,3,3,0,0,0,0
toby-rowland,2013,0,0,3,0,4,7,0,0,0,0
toby-rowland,2014,0,0,3,0,4,7,0,0,0,0
toby-rowland,2011,0,0,3,0,4,5,0,0,0,0
toby-rowland,2012,0,0,3,0,4,7,0,0,0,0
jeff-whitehead,2012,0,0,2,0,2,2,0,0,0,0
jeff-whitehead,2013,8,8000000,2,0,2,2,0,0,0,0
jeff-whitehead,2014,3.100002,3100002,2,0,2,2,0,0,0,0
jeff-whitehead,2011,9,9000000,2,0,2,2,0,0,0,0
jonathan-cobb,2014,0,0,2,0,3,2,0,0,0,0
jonathan-cobb,2012,0,0,1,0,3,2,0,0,0,0
jonathan-cobb,2013,0,0,1,0,3,2,0,0,0,0
jonathan-cobb,2011,0,0,1,0,3,2,0,0,0,0
kanji-sakae,2013,0,0,1,0,1,2,0,0,0,0
kanji-sakae,2014,0,0,1,0,1,2,0,0,0,0
kanji-sakae,2011,0,0,1,0,1,2,0,0,0,0
kanji-sakae,2012,0,0,1,0,1,2,0,0,0,0
tom-lasater,2013,0,0,3,0,4,3,0,0,0,0
tom-lasater,2012,0,0,3,0,4,3,0,0,0,0
tom-lasater,2014,0,0,3,0,4,3,0,0,0,0
tom-lasater,2011,0,0,3,0,4,3,0,0,0,0
michael-buffington,2014,0.02,20000,2,0,5,2,0,0,0,0
michael-buffington,2012,20,20000000,2,0,5,2,0,0,0,0
michael-buffington,2013,0,0,2,0,5,2,0,0,0,0
michael-buffington,2011,7,7000000,2,0,5,2,0,0,0,0
farbood-nivi,2013,0,0,1,0,2,1,0,0,0,0
farbood-nivi,2014,0.02,20000,1,0,2,1,0,0,0,0
farbood-nivi,2011,7,7000000,1,0,2,1,0,0,0,0
farbood-nivi,2012,20,20000000,1,0,2,1,0,0,0,0
robert-pazornik,2013,0,0,1,0,1,1,0,0,0,0
robert-pazornik,2014,0,0,1,0,1,1,0,0,0,0
robert-pazornik,2011,0,0,1,0,1,1,0,0,0,0
robert-pazornik,2012,0,0,1,0,1,1,0,0,0,0
onno-bakker,2014,0,0,1,0,1,1,1,0,0,0
onno-bakker,2012,0,0,1,0,1,1,0,0,0,0
onno-bakker,2013,0,0,1,0,1,1,0,0,0,0
onno-bakker,2011,0,0,1,0,1,1,0,0,0,0
jan-joost-rueb,2013,0,0,1,0,2,1,0,0,0,0
jan-joost-rueb,2014,0,0,1,0,2,1,1,0,0,0
jan-joost-rueb,2011,0,0,1,0,2,1,0,0,0,0
jan-joost-rueb,2012,0,0,1,0,2,1,0,0,0,0
paulo-taylor,2013,0,0,1,0,1,1,0,0,0,0
paulo-taylor,2014,0,0,1,0,1,1,0,0,0,0
paulo-taylor,2011,0,0,1,0,1,1,0,0,0,0
paulo-taylor,2012,0,0,1,0,1,1,0,0,0,0
gaurav-dhillon,2014,0,0,1,0,1,1,0,0,0,0
gaurav-dhillon,2012,0,0,1,0,1,1,0,0,0,0
gaurav-dhillon,2013,0,0,1,0,1,1,0,0,0,0
gaurav-dhillon,2011,0,0,1,0,1,1,0,0,0,0
chandrasekar-rathakrishnan,2014,0,0,1,0,1,2,0,0,0,0
chandrasekar-rathakrishnan,2013,0,0,1,0,1,2,0,0,0,0
chandrasekar-rathakrishnan,2011,0,0,1,0,1,2,0,0,0,0
chandrasekar-rathakrishnan,2012,0,0,1,0,1,2,0,0,0,0
kendall-schoenrock,2013,0,0,1,0,1,1,0,0,0,0
kendall-schoenrock,2014,0,0,1,0,1,1,0,0,0,0
kendall-schoenrock,2011,0,0,1,0,1,1,0,0,0,0
kendall-schoenrock,2012,0,0,1,0,1,1,0,0,0,0
paul-conklin,2014,0,0,1,0,1,1,0,0,0,0
paul-conklin,2012,0,0,1,0,1,1,0,0,0,0
paul-conklin,2013,0,0,1,0,1,1,0,0,0,0
paul-conklin,2011,0,0,1,0,1,1,0,0,0,0
hubert-thieblot,2014,16,16000000,1,0,1,4,0,0,0,0
hubert-thieblot,2011,0,0,1,0,1,4,0,0,0,0
hubert-thieblot,2012,0,0,1,0,1,4,0,0,0,0
hubert-thieblot,2013,0,0,1,0,1,4,0,0,0,0
amit-desai,2013,0,0,1,0,3,1,0,1,0,0
amit-desai,2014,0,0,1,0,3,1,0,1,0,0
amit-desai,2011,0,0,1,0,3,1,0,1,0,0
amit-desai,2012,0,0,1,0,3,1,0,1,0,0
mark-seremet,2013,0,0,1,0,1,1,0,0,0,0
mark-seremet,2014,0,0,1,0,1,1,0,0,0,0
brian-dear,2011,0.5,500000,2,1,2,2,0,0,0,0
brian-dear,2012,0,0,2,1,2,2,0,0,0,0
brian-dear,2013,0,0,2,1,2,2,0,0,0,0
brian-dear,2014,0,0,2,1,2,2,0,0,0,0
brian-goler,2011,0,0,2,0,6,2,0,0,0,0
brian-goler,2012,0,0,2,0,6,2,0,0,0,0
brian-goler,2013,0,0,2,0,6,2,0,0,0,0
brian-goler,2014,0,0,2,0,6,2,0,0,0,0
stratis-karamanlakis,2011,0,0,1,0,1,1,0,1,0,0
stratis-karamanlakis,2012,15,15000000,1,0,1,1,0,1,0,0
stratis-karamanlakis,2013,0,0,1,0,1,1,0,1,0,0
stratis-karamanlakis,2014,0,0,1,0,1,1,0,1,0,0
odysseas-tsatalos,2011,12.3,12300000,3,1,6,4,0,1,0,1
odysseas-tsatalos,2012,28.5,28500000,3,1,6,4,0,1,0,1
odysseas-tsatalos,2013,0,0,3,1,6,4,0,1,0,1
odysseas-tsatalos,2014,105,105000000,4,1,6,4,0,1,0,1
gautam-godhwani,2011,0,0,1,0,1,4,1,0,0,0
gautam-godhwani,2012,0,0,1,0,1,4,1,0,0,0
gautam-godhwani,2013,0,0,1,0,1,4,1,0,0,0
gautam-godhwani,2014,12,12000000,1,0,1,4,1,0,0,0
peter-weck,2011,0,0,3,1,5,6,3,0,0,0
peter-weck,2012,0,0,3,1,5,6,6,0,0,0
peter-weck,2013,0,0,3,1,5,6,10,0,0,0
peter-weck,2014,12,12000000,3,1,5,6,10,0,0,0
eric-chin,2011,0,0,3,1,10,3,0,0,0,0
eric-chin,2012,0,0,3,1,10,3,0,0,0,0
eric-chin,2013,0,0,3,1,10,3,1,0,0,0
eric-chin,2014,0,0,3,1,10,3,1,0,0,0
ashton-kutcher,2011,0,0,3,1,8,3,2,0,0,0
ashton-kutcher,2012,0,0,3,1,8,3,2,0,0,0
ashton-kutcher,2013,0,0,3,1,8,3,7,0,0,0
ashton-kutcher,2014,0,0,3,1,8,3,36,0,0,0
warren-packard,2011,0,0,2,1,17,2,0,1,0,1
warren-packard,2012,4.2,4200000,2,1,17,2,0,1,0,1
warren-packard,2013,0,0,2,1,17,2,0,1,0,1
warren-packard,2014,0,0,2,1,17,2,0,1,0,1
mike-ramsay,2011,0,0,1,1,5,2,1,0,0,0
mike-ramsay,2012,0,0,2,1,5,2,1,0,0,0
mike-ramsay,2013,0,0,2,1,5,2,1,0,0,0
mike-ramsay,2014,0,0,2,1,5,2,1,0,0,0
tim-weingarten,2011,0,0,0,1,7,1,0,0,0,0
tim-weingarten,2012,0,0,0,1,7,1,0,0,0,0
tim-weingarten,2013,6.2,6200000,1,1,7,1,0,0,0,0
tim-weingarten,2014,10,10000000,1,1,7,1,0,0,0,0
eric-gonzales,2011,0,0,1,0,7,1,0,0,1,0
eric-gonzales,2012,0,0,1,0,7,1,0,0,1,0
eric-gonzales,2013,0,0,1,0,7,1,0,0,1,0
eric-gonzales,2014,0,0,1,0,7,1,0,0,1,0
steven-sheinfield,2011,0,0,1,0,1,1,0,0,0,0
steven-sheinfield,2012,0,0,1,0,1,1,0,0,0,0
steven-sheinfield,2013,0,0,1,0,1,1,0,0,0,0
steven-sheinfield,2014,0,0,1,0,1,1,0,0,0,0
doug-sheppard,2011,0,0,1,0,1,1,0,0,0,0
doug-sheppard,2012,0,0,1,0,1,1,0,0,0,0
doug-sheppard,2013,0,0,1,0,1,1,0,0,0,0
doug-sheppard,2014,0,0,1,0,1,1,0,0,0,0
gay-gilmore,2011,0,0,1,0,1,1,0,0,0,0
gay-gilmore,2012,0,0,1,0,1,1,0,0,0,0
gay-gilmore,2013,0,0,1,0,1,1,0,0,0,0
gay-gilmore,2014,0,0,1,0,1,1,0,0,0,0
troy-hakala,2011,0,0,1,0,1,1,0,0,0,0
troy-hakala,2012,0,0,1,0,1,1,0,0,0,0
troy-hakala,2013,0,0,1,0,1,1,0,0,0,0
troy-hakala,2014,0,0,1,0,1,1,0,0,0,0
bernard-moon,2011,6.2,6200000,1,1,7,5,0,0,0,0
bernard-moon,2012,0,0,3,1,7,5,0,0,0,0
bernard-moon,2013,0,0,4,1,7,6,0,0,0,0
bernard-moon,2014,0,0,4,1,7,6,0,0,0,0
tony-perkins,2011,6.2,6200000,3,0,4,5,0,0,0,0
tony-perkins,2012,0,0,3,0,4,5,0,0,0,0
tony-perkins,2014,0,0,3,0,4,5,0,0,0,0
tony-perkins,2013,0,0,3,0,4,5,0,0,0,0
joe-greenstein,2011,0,0,1,1,10,2,0,1,0,0
joe-greenstein,2012,0,0,1,1,10,2,8,1,0,0
joe-greenstein,2013,0,0,1,1,10,2,22,1,0,0
joe-greenstein,2014,0,0,1,1,10,2,36,1,0,0
saran-chari,2011,0,0,1,1,3,2,3,1,0,0
saran-chari,2012,0,0,1,1,3,2,3,1,0,0
saran-chari,2013,0,0,1,1,3,2,3,1,0,0
saran-chari,2014,0,0,1,1,3,2,3,1,0,0
jeanine-leflore,2011,0,0,1,1,10,1,0,0,1,0
jeanine-leflore,2012,0,0,1,1,10,1,0,0,1,0
jeanine-leflore,2013,0,0,1,1,10,1,0,0,1,0
jeanine-leflore,2014,0,0,1,1,10,1,0,0,1,0
paul-remer,2011,0,0,1,0,4,1,0,0,0,0
paul-remer,2012,0,0,1,0,4,1,0,0,0,0
paul-remer,2013,0,0,1,0,4,1,0,0,0,0
paul-remer,2014,0,0,1,0,4,1,0,0,0,0
geoff-judge,2011,0,0,1,1,11,3,13,0,1,0
geoff-judge,2012,0,0,1,1,11,3,18,0,1,0
geoff-judge,2013,0,0,1,1,11,3,21,0,1,0
geoff-judge,2014,0,0,1,1,11,3,36,0,1,0
allen-stern,2011,0,0,1,0,1,1,0,0,0,0
allen-stern,2012,0,0,1,0,1,1,0,0,0,0
allen-stern,2013,0,0,1,0,1,1,0,0,0,0
allen-stern,2014,0,0,1,0,1,1,0,0,0,0
joe-hewitt,2011,0,0,1,0,3,1,0,0,0,0
joe-hewitt,2012,0,0,1,0,3,1,0,0,0,0
joe-hewitt,2013,0,0,1,0,3,1,0,0,0,0
joe-hewitt,2014,0,0,1,0,3,1,0,0,0,0
michel-guilhermier,2011,0,0,1,0,1,6,0,0,0,0
michel-guilhermier,2012,0,0,1,0,1,6,0,0,0,0
michel-guilhermier,2013,0,0,1,0,1,6,1,0,0,0
michel-guilhermier,2014,0,0,1,0,1,6,1,0,0,0
ross-mayfield,2011,0,0,1,1,7,6,0,0,0,0
ross-mayfield,2012,0,0,1,1,7,6,0,0,0,0
ross-mayfield,2013,0,0,1,1,7,6,0,0,0,0
ross-mayfield,2014,0,0,1,1,7,6,0,0,0,0
peter-kaminski,2011,0,0,1,0,2,6,0,0,0,0
peter-kaminski,2012,0,0,1,0,2,6,0,0,0,0
peter-kaminski,2013,0,0,1,0,2,6,0,0,0,0
peter-kaminski,2014,0,0,1,0,2,6,0,0,0,0
adina-levin,2011,0,0,1,0,1,6,0,0,0,0
adina-levin,2012,0,0,1,0,1,6,0,0,0,0
adina-levin,2013,0,0,1,0,1,6,0,0,0,0
adina-levin,2014,0,0,1,0,1,6,0,0,0,0
kris-duggan,2011,12.2,12200000,1,1,8,2,0,0,0,0
kris-duggan,2012,25,25000000,1,1,8,2,4,0,0,0
kris-duggan,2013,0,0,2,1,8,2,6,0,0,0
kris-duggan,2014,15.5,15500000,2,1,8,2,6,0,0,0
trip-davis,2011,0,0,1,0,3,1,1,0,0,0
trip-davis,2012,0,0,1,0,3,1,1,0,0,0
trip-davis,2013,0,0,1,0,3,1,1,0,0,0
trip-davis,2014,0,0,1,0,3,1,1,0,0,0
nik-cubrilovic,2011,0,0,3,0,5,4,0,0,0,0
nik-cubrilovic,2012,0,0,3,0,5,4,0,0,0,0
nik-cubrilovic,2013,0,0,4,0,5,4,0,0,0,0
nik-cubrilovic,2014,0,0,4,0,5,4,0,0,0,0
phil-morle,2011,0,0,1,1,3,1,0,0,0,0
phil-morle,2012,0,0,1,1,3,1,0,0,0,0
phil-morle,2013,0,0,1,1,3,1,0,0,0,0
phil-morle,2014,0,0,1,1,3,1,0,0,0,0
jon-tyson,2011,0,0,1,0,3,1,0,0,0,0
jon-tyson,2012,0,0,1,0,3,1,0,0,0,0
jon-tyson,2013,0,0,1,0,3,1,0,0,0,0
jon-tyson,2014,0,0,1,0,3,1,0,0,0,0
brett-hurt,2011,0,0,1,1,3,3,0,0,1,0
brett-hurt,2012,110.652663,110652663,1,1,3,3,0,0,1,0
brett-hurt,2013,0,0,1,1,3,3,1,0,1,0
brett-hurt,2014,0,0,1,1,3,3,3,0,1,0
brant-barton,2011,0,0,1,0,2,3,0,0,1,0
brant-barton,2012,110.652663,110652663,1,0,2,3,0,0,1,0
brant-barton,2013,0,0,1,0,2,3,0,0,1,0
brant-barton,2014,0,0,1,0,2,3,0,0,1,0
sam-decker,2011,0,0,2,1,13,2,0,0,1,0
sam-decker,2012,3.3,3300000,2,1,13,2,0,0,1,0
kim-ramage,2012,0,0,1,0,1,1,0,0,0,0
kim-ramage,2011,0,0,1,0,1,1,0,0,0,0
brock-henderson,2014,0,0,1,0,1,1,0,0,0,0
brock-henderson,2011,0,0,1,0,1,1,0,0,0,0
brock-henderson,2012,0,0,1,0,1,1,0,0,0,0
brock-henderson,2013,0,0,1,0,1,1,0,0,0,0
lance-priebe,2013,0,0,1,0,1,1,0,0,0,0
lance-priebe,2014,0,0,1,0,1,1,0,0,0,0
lance-priebe,2011,0,0,1,0,1,1,0,0,0,0
lance-priebe,2012,0,0,1,0,1,1,0,0,0,0
dave-krysko,2014,0,0,1,0,1,1,0,0,0,0
dave-krysko,2012,0,0,1,0,1,1,0,0,0,0
dave-krysko,2013,0,0,1,0,1,1,0,0,0,0
dave-krysko,2011,0,0,1,0,1,1,0,0,0,0
lane-merrifield,2014,4.3,4300000,2,0,2,2,0,0,0,0
lane-merrifield,2012,0,0,2,0,2,2,0,0,0,0
lane-merrifield,2011,0,0,1,0,2,2,0,0,0,0
lane-merrifield,2013,0,0,2,0,2,2,0,0,0,0
mark-bailey,2013,0,0,1,1,25,1,0,1,0,0
mark-bailey,2014,0,0,1,1,25,1,0,1,0,0
mark-bailey,2011,0,0,1,1,25,1,0,1,0,0
mark-bailey,2012,0,0,1,1,25,1,0,1,0,0
cory-forsyth,2014,0,0,2,0,2,2,0,0,0,0
cory-forsyth,2012,0,0,2,0,2,2,0,0,0,0
cory-forsyth,2013,0,0,2,0,2,2,0,0,0,0
cory-forsyth,2011,0,0,2,0,2,2,0,0,0,0
john-geraci,2014,0,0,1,0,1,1,0,0,0,0
john-geraci,2012,0,0,1,0,1,1,0,0,0,0
john-geraci,2013,0,0,1,0,1,1,0,0,0,0
john-geraci,2011,0,0,1,0,1,1,0,0,0,0
steven-johnson,2013,0,0,1,1,3,1,1,0,0,0
steven-johnson,2014,0,0,1,1,3,1,1,0,0,0
steven-johnson,2011,0,0,1,1,3,1,0,0,0,0
steven-johnson,2012,0,0,1,1,3,1,0,0,0,0
boyan-josic,2011,0,0,5,0,5,5,0,0,0,0
boyan-josic,2012,0,0,5,0,5,5,0,0,0,0
boyan-josic,2013,0,0,5,0,5,5,0,0,0,0
boyan-josic,2014,0,0,5,0,5,5,0,0,0,0
riccardo-zacconi,2011,0,0,1,0,1,3,0,0,0,0
riccardo-zacconi,2012,0,0,1,0,1,5,0,0,0,0
riccardo-zacconi,2013,0,0,1,0,1,5,0,0,0,0
riccardo-zacconi,2014,0,0,1,0,1,5,0,0,0,0
jonathan-fren,2011,0,0,3,0,5,3,0,0,0,0
jonathan-fren,2012,0,0,3,0,5,3,0,0,0,0
jonathan-fren,2013,0,0,3,0,5,3,0,0,0,0
jonathan-fren,2014,0,0,3,0,5,3,0,0,0,0
adrian-hanauer,2011,0,0,1,0,1,1,3,0,0,0
adrian-hanauer,2012,0,0,1,0,1,1,3,0,0,0
adrian-hanauer,2013,0,0,1,0,1,1,3,0,0,0
adrian-hanauer,2014,0,0,1,0,1,1,3,0,0,0
guy-kawasaki,2011,0,0,2,1,18,2,6,0,1,0
guy-kawasaki,2012,0,0,2,1,18,2,6,0,1,0
guy-kawasaki,2013,0,0,2,1,18,2,6,0,1,0
guy-kawasaki,2014,0,0,2,1,18,2,6,0,1,0
will-mayall,2011,0,0,3,0,3,3,0,0,0,0
will-mayall,2012,0,0,3,0,3,3,0,0,0,0
will-mayall,2013,0,0,3,0,3,3,0,0,0,0
will-mayall,2014,0,0,3,0,3,3,0,0,0,0
kathryn-henkens,2011,0,0,3,0,3,3,0,0,1,0
kathryn-henkens,2012,0,0,3,0,3,3,0,0,1,0
kathryn-henkens,2013,0,0,3,0,3,3,0,0,1,0
kathryn-henkens,2014,0,0,3,0,3,3,0,0,1,0
rob-rowntree,2011,0,0,1,0,1,1,0,0,0,0
rob-rowntree,2012,0,0,1,0,1,1,0,0,0,0
rob-rowntree,2013,0,0,1,0,1,1,0,0,0,0
rob-rowntree,2014,0,0,1,0,1,1,0,0,0,0
john-furrier,2011,0,0,4,0,6,4,0,1,1,0
john-furrier,2012,0,0,4,0,6,4,0,1,1,0
john-furrier,2013,0,0,4,0,6,4,0,1,1,0
john-furrier,2014,0.65,650000,4,0,6,4,0,1,1,0
steve-gillmor,2011,0,0,1,0,2,1,0,0,0,0
steve-gillmor,2012,0,0,1,0,2,1,0,0,0,0
steve-gillmor,2013,0,0,1,0,2,1,0,0,0,0
steve-gillmor,2014,0,0,1,0,2,1,0,0,0,0
ken-leung,2011,5.8,5800000,1,0,1,1,0,1,0,0
ken-leung,2012,0,0,1,0,1,1,0,1,0,0
ken-leung,2013,17.3,17300000,1,0,1,1,0,1,0,0
ken-leung,2014,0,0,1,0,1,1,0,1,0,0
leonard-brody,2011,0,0,1,1,3,1,0,0,0,0
leonard-brody,2012,0,0,1,1,3,1,0,0,0,0
leonard-brody,2013,0,0,1,1,3,1,0,0,0,0
leonard-brody,2014,0,0,1,1,3,1,0,0,0,0
michael-meyers,2011,0,0,1,1,2,1,0,0,0,0
michael-meyers,2012,0,0,1,1,2,1,0,0,0,0
michael-meyers,2013,0,0,1,1,2,1,0,0,0,0
michael-meyers,2014,0,0,1,1,2,1,0,0,0,0
aviv-eyal,2011,0,0,4,0,7,4,0,1,0,0
aviv-eyal,2012,0,0,4,0,7,4,0,1,0,0
aviv-eyal,2013,0,0,4,0,7,4,0,1,0,0
aviv-eyal,2014,0,0,4,0,7,4,0,1,0,0
mike-sitrin,2011,0,0,2,0,4,2,0,0,0,0
mike-sitrin,2012,0,0,2,0,4,2,0,0,0,0
mike-sitrin,2013,0,0,2,0,4,2,0,0,0,0
mike-sitrin,2014,0,0,2,0,4,2,0,0,0,0
tony-liano,2011,0,0,1,1,6,1,0,0,0,0
tony-liano,2012,0,0,1,1,6,1,0,0,0,0
tony-liano,2013,0,0,1,1,6,1,0,0,0,0
tony-liano,2014,0,0,1,1,6,1,0,0,0,0
nate-underwood,2011,0,0,1,0,9,1,0,0,0,0
nate-underwood,2012,0,0,1,0,9,1,0,0,0,0
nate-underwood,2013,0,0,1,0,9,1,0,0,0,0
nate-underwood,2014,0,0,1,0,9,1,0,0,0,0
joe-giordano,2011,7,7000000,1,0,1,4,0,0,0,0
joe-giordano,2012,0,0,1,0,1,4,0,0,0,0
joe-giordano,2013,0,0,1,0,1,4,0,0,0,0
joe-giordano,2014,0,0,1,0,1,4,0,0,0,0
manish-vaidya,2012,0,0,1,0,1,2,0,0,0,0
manish-vaidya,2011,0,0,1,0,1,2,0,0,0,0
manish-vaidya,2013,0,0,1,0,1,2,0,0,0,0
manish-vaidya,2014,0,0,1,0,1,2,0,0,0,0
dick-costolo,2011,0,0,1,1,5,1,6,0,0,0
dick-costolo,2012,0,0,1,1,5,1,6,0,0,0
dick-costolo,2013,0,0,1,1,5,1,6,0,0,0
dick-costolo,2014,0,0,1,1,5,1,6,0,0,0
david-levi,2011,0,0,1,0,3,1,0,0,0,0
david-levi,2012,0,0,1,0,3,1,0,0,0,0
david-levi,2013,0,0,1,0,3,1,0,0,0,0
david-levi,2014,0,0,1,0,3,1,0,0,0,0
hjalmar-winbladh,2011,5.5,5500000,2,1,5,5,0,0,1,0
hjalmar-winbladh,2012,5,5000000,2,1,5,5,0,0,1,0
hjalmar-winbladh,2013,15,15000000,2,1,5,5,0,0,1,0
hjalmar-winbladh,2014,0,0,2,1,5,5,0,0,1,0
jonas-lindroth,2011,0,0,1,0,1,4,0,0,0,0
jonas-lindroth,2012,0,0,1,0,1,4,0,0,0,0
jonas-lindroth,2013,0,0,1,0,1,4,0,0,0,0
jonas-lindroth,2014,0,0,1,0,1,4,0,0,0,0
mark-asseily,2011,0.16351,163510,1,0,4,1,0,0,1,0
mark-asseily,2012,0,0,1,0,4,1,0,0,1,0
mark-asseily,2013,14,14000000,1,0,4,1,0,0,1,0
mark-asseily,2014,0,0,1,0,4,1,0,0,1,0
jimmy-wales,2011,16,16000000,3,1,5,13,0,0,1,1
jimmy-wales,2012,55.8,55800000,3,1,5,13,0,0,1,1
jimmy-wales,2013,0,0,3,1,5,13,0,0,1,1
jimmy-wales,2014,15,15000000,3,1,5,13,0,0,1,1
angela-beesley,2011,0,0,1,1,4,5,0,0,0,0
angela-beesley,2012,10.8,10800000,2,1,4,5,0,0,0,0
angela-beesley,2013,0,0,2,1,4,5,0,0,0,0
angela-beesley,2014,15,15000000,2,1,4,5,0,0,0,0
alexis-ohanian,2011,0,0,2,1,9,3,1,0,0,0
alexis-ohanian,2012,0,0,2,1,9,3,1,0,0,0
alexis-ohanian,2013,0,0,2,1,9,3,5,0,0,0
alexis-ohanian,2014,50,50000000,2,1,9,3,36,0,0,0
steve-huffman,2011,4.2,4200000,2,0,5,3,3,1,0,0
steve-huffman,2012,15,15000000,2,0,5,3,3,1,0,0
steve-huffman,2013,0,0,2,0,5,3,3,1,0,0
steve-huffman,2014,70,70000000,2,0,5,3,6,1,0,0
david-niu,2011,0,0,4,0,9,7,1,0,0,0
david-niu,2012,0,0,4,0,9,7,1,0,0,0
david-niu,2013,1.5,1500000,4,0,9,7,1,0,0,0
david-niu,2014,0,0,4,0,9,7,1,0,0,0
andy-liu,2011,0,0,2,1,11,5,15,1,0,0
andy-liu,2012,0,0,2,1,11,5,21,1,0,0
andy-liu,2013,1.5,1500000,2,1,11,5,28,1,0,0
andy-liu,2014,0,0,2,1,11,5,36,1,0,0
jiang-wu,2011,0,0,1,0,1,5,0,0,0,0
jiang-wu,2013,0,0,1,0,1,5,0,0,0,0
jiang-wu,2012,0,0,1,0,1,5,0,0,0,0
jiang-wu,2014,0,0,1,0,1,5,0,0,0,0
manish-rathi,2011,0,0,1,0,1,5,0,0,0,0
manish-rathi,2012,0,0,1,0,1,5,0,0,0,0
manish-rathi,2013,0,0,1,0,1,5,0,0,0,0
manish-rathi,2014,0,0,1,0,1,5,0,0,0,0
ashwin-bharambe,2011,0,0,1,0,5,2,0,1,0,0
ashwin-bharambe,2012,0,0,1,0,5,2,0,1,0,0
ashwin-bharambe,2013,0,0,1,0,5,2,0,1,0,0
ashwin-bharambe,2014,0,0,1,0,5,2,0,1,0,0
shashank-pandit,2011,0,0,1,0,3,2,0,1,0,1
shashank-pandit,2012,0,0,1,0,3,2,0,1,0,1
shashank-pandit,2013,0,0,1,0,3,2,0,1,0,1
shashank-pandit,2014,0,0,1,0,3,2,0,1,0,1
john-tumminaro,2011,8.760181,8760181,2,0,7,2,0,0,0,0
john-tumminaro,2012,0,0,2,0,7,2,0,0,0,0
john-tumminaro,2013,0,0,2,0,7,2,0,0,0,0
john-tumminaro,2014,0,0,2,0,7,2,0,0,0,0
irv-henderson,2011,0,0,1,0,4,1,0,0,0,0
irv-henderson,2012,0,0,1,0,4,1,0,0,0,0
irv-henderson,2013,0,0,1,0,4,1,0,0,0,0
irv-henderson,2014,0,0,1,0,4,1,0,0,0,0
sten-kamkivi,2011,0,0,0,0,3,1,0,0,1,1
sten-kamkivi,2012,0,0,0,0,3,1,1,0,1,1
steven-ashby,2014,0,0,1,1,3,1,0,0,0,0
sten-kamkivi,2013,0,0,0,0,3,1,3,0,1,1
sten-kamkivi,2014,2.5,2500000,1,0,3,1,10,0,1,1
steven-ashby,2013,0,0,1,1,3,1,0,0,0,0
philip-yuen,2011,0,0,1,0,1,1,0,1,0,0
philip-yuen,2012,0,0,1,0,1,1,0,1,0,0
philip-yuen,2013,0,0,1,0,1,1,0,1,0,0
philip-yuen,2014,0,0,1,0,1,1,0,1,0,0
cj-huang,2011,0,0,1,0,1,1,0,0,0,0
cj-huang,2012,0,0,1,0,1,1,0,0,0,0
cj-huang,2013,0,0,1,0,1,1,0,0,0,0
cj-huang,2014,0,0,1,0,1,1,0,0,0,0
gerald-yuen,2011,0,0,1,0,2,1,0,1,0,1
gerald-yuen,2012,0,0,1,0,2,1,0,1,0,1
gerald-yuen,2013,0,0,1,0,2,1,0,1,0,1
gerald-yuen,2014,0,0,1,0,2,1,0,1,0,1
evert-jaap-lugt,2011,0,0,1,0,1,1,0,0,0,0
evert-jaap-lugt,2012,0,0,1,0,1,1,0,0,0,0
evert-jaap-lugt,2013,0,0,1,0,1,1,0,0,0,0
evert-jaap-lugt,2014,0,0,1,0,1,1,0,0,0,0
martin-smink,2011,0,0,1,0,1,1,0,0,0,0
martin-smink,2012,0,0,1,0,1,1,0,0,0,0
martin-smink,2013,0,0,1,0,1,1,0,0,0,0
martin-smink,2014,0,0,1,0,1,1,0,0,0,0
ken-griffin,2011,0,0,1,0,1,1,0,0,0,0
ken-griffin,2012,0,0,1,0,1,1,0,0,0,0
ken-griffin,2013,0,0,1,0,1,1,0,0,0,0
ken-griffin,2014,0,0,1,0,1,1,0,0,0,0
joey-santley,2011,0,0,1,0,1,1,0,0,0,0
joey-santley,2012,0,0,1,0,1,1,0,0,0,0
joey-santley,2013,0,0,1,0,1,1,0,0,0,0
joey-santley,2014,0,0,1,0,1,1,0,0,0,0
martin-wells,2011,0,0,2,1,15,3,0,0,0,0
martin-wells,2012,0,0,2,1,15,3,0,0,0,0
martin-wells,2013,0,0,2,1,15,3,0,0,0,0
martin-wells,2014,0,0,2,1,15,3,0,0,0,0
mick-liubinskas,2011,0.25,250000,3,1,10,3,0,0,0,0
mick-liubinskas,2012,0.45,450000,3,1,10,3,1,0,0,0
mick-liubinskas,2013,0,0,3,1,10,3,1,0,0,0
mick-liubinskas,2014,0,0,3,1,10,3,1,0,0,0
tony-miranz,2011,0,0,1,0,1,1,0,0,0,1
tony-miranz,2012,0,0,1,0,1,1,0,0,0,1
tony-miranz,2013,0,0,1,0,1,1,0,0,0,1
tony-miranz,2014,0,0,1,0,1,1,0,0,0,1
alain-rossmann,2011,0,0,1,0,1,1,0,0,0,0
alain-rossmann,2013,0,0,1,0,1,1,0,0,0,0
alain-rossmann,2012,0,0,1,0,1,1,0,0,0,0
alain-rossmann,2014,0,0,1,0,1,1,0,0,0,0
luke-beatty,2011,0,0,1,1,6,1,0,0,0,0
luke-beatty,2012,0,0,1,1,6,1,0,0,0,0
luke-beatty,2013,0,0,1,1,6,1,1,0,0,0
luke-beatty,2014,0,0,1,1,6,1,1,0,0,0
jordan-levy,2011,0,0,5,1,33,6,0,0,0,0
jordan-levy,2012,5,5000000,6,1,33,6,1,0,0,0
jordan-levy,2013,1,1000000,6,1,33,6,3,0,0,0
jordan-levy,2014,0,0,6,1,33,6,3,0,0,0
ron-schreiber,2011,0,0,0,1,9,1,0,0,0,0
ron-schreiber,2012,5,5000000,1,1,9,1,0,0,0,0
ron-schreiber,2013,1,1000000,1,1,9,1,0,0,0,0
ron-schreiber,2014,0,0,1,1,9,1,0,0,0,0
kim-ramage,2014,0,0,1,0,1,1,0,0,0,0
kim-ramage,2013,0,0,1,0,1,1,0,0,0,0
marshall-kirkpatrick,2011,0,0,1,0,4,1,0,0,0,0
marshall-kirkpatrick,2012,1.018,1018000,1,0,4,1,0,0,0,0
marshall-kirkpatrick,2013,0,0,1,0,4,1,0,0,0,0
marshall-kirkpatrick,2014,1.723668,1723668,1,0,4,1,0,0,0,0
jeremy-allaire,2011,0,0,2,0,5,4,1,0,1,0
jeremy-allaire,2012,0,0,2,0,5,4,1,0,1,0
jeremy-allaire,2013,9,9000000,3,0,5,4,1,0,1,0
jeremy-allaire,2014,56.907658,56907658,3,0,5,4,1,0,1,0
adam-berrey,2011,0,0,2,0,8,2,1,0,0,0
adam-berrey,2012,0,0,2,0,8,2,4,0,0,0
adam-berrey,2013,1.5,1500000,2,0,8,2,6,0,0,0
adam-berrey,2014,0,0,2,0,8,2,6,0,0,0
brian-monnin,2011,0.505185,505185,1,0,4,0,0,0,0,0
brian-monnin,2012,0,0,1,0,4,1,0,0,0,0
brian-monnin,2013,0,0,1,0,4,1,0,0,0,0
brian-monnin,2014,0,0,1,0,4,1,0,0,0,0
david-graves,2013,0,0,1,0,7,1,0,0,0,0
david-graves,2014,0,0,1,0,7,1,0,0,0,0
sean-marsh,2012,0,0,1,1,9,1,0,0,1,0
sean-marsh,2013,0,0,1,1,9,1,0,0,1,0
sean-marsh,2014,0,0,1,1,9,1,0,0,1,0
david-graves,2011,0,0,1,0,7,1,0,0,0,0
david-graves,2012,0,0,1,0,7,1,0,0,0,0
charlie-white,2011,0,0,1,0,2,1,0,0,0,0
charlie-white,2012,0,0,1,0,2,1,0,0,0,0
charlie-white,2013,0,0,1,0,2,1,0,0,0,0
charlie-white,2014,1.1,1100000,1,0,2,1,0,0,0,0
sean-marsh,2011,0,0,1,1,9,1,0,0,1,0
morgan-webb,2011,0,0,1,0,1,1,0,0,0,0
morgan-webb,2012,0,0,1,0,1,1,0,0,0,0
morgan-webb,2013,0,0,1,0,1,1,0,0,0,0
morgan-webb,2014,0,0,1,0,1,1,0,0,0,0
